plot_id,design_weight,lange,breite,meereshohe,artenreichtum_gefasspflanzen,artenreichtum_neophyten,artenanteil_neophyten,deckungsanteil_neophyten,temperaturzahl,kontinentalitatszahl,feuchtezahl,reaktionszahl,nahrstoffzahl,strategie_c,strategie_r,strategie_s,lolium_multiflorum_p_a,veronica_filiformis_p_a,veronica_persica_p_a,medicago_sativa_p_a,erigeron_annuus_p_a,matricaria_discoidea_p_a,bromus_inermis_p_a,conyza_canadensis_aggr_p_a,impatiens_parviflora_p_a,juncus_tenuis_p_a,solidago_gigantea_p_a,vicia_villosa_p_a,hex10,hex20,BGR,kantone
3049,1,6.18,46.35,453,34,1,0.029411764705882353,0.03125,3.526315789,3.045454545,2.954545455,3.217391304,3.666666667,1,1.333333333,0.666666667,NA,NA,TRUE,NA,NA,NA,NA,NA,NA,NA,NA,NA,58,16,Mittelland,Vaud
3050,1,6.18,46.46,1071,31,0,0,0,3.0625,2.944444444,3.027777778,3.2,3.7,1.047619048,1.238095238,0.714285714,NA,NA,NA,NA,NA,NA,NA,NA,NA,NA,NA,NA,72,24,Jura,Vaud
3051,1,6.18,46.49,1224,42,0,0,0,2.618471954,3.003384913,3.566634476,2.841040462,3.218418515,1.807896004,0.183919114,1.008184882,NA,NA,NA,NA,NA,NA,NA,NA,NA,NA,NA,NA,59,24,Jura,Vaud
3052,1,6.25,46.57,1354,62,0,0,0,2.7,3.292682927,2.583333333,3.325,2.511111111,1.191489362,0.70212766,1.106382979,NA,NA,NA,NA,NA,NA,NA,NA,NA,NA,NA,NA,86,31,Jura,Vaud
3053,1,6.25,46.6,1107,56,0,0,0,3.106324111,2.881588999,3.139588101,3.148241206,3.476759628,1.087719298,0.978696742,0.93358396,NA,NA,NA,NA,NA,NA,NA,NA,NA,NA,NA,NA,73,31,Jura,Vaud
3054,1,6.25,46.64,1125,34,0,0,0,3.133333333,3.055555556,2.972222222,3.111111111,3.3,1.095238095,1,0.904761905,NA,NA,NA,NA,NA,NA,NA,NA,NA,NA,NA,NA,87,31,Jura,Vaud
3055,1,6.33,46.53,695,41,0,0,0,3.625,3.125,2.659090909,3.230769231,2.851851852,1.071428571,0.964285714,0.964285714,NA,NA,NA,NA,NA,NA,NA,NA,NA,NA,NA,NA,86,31,Jura,Vaud
3056,1,6.33,46.64,1284,62,0,0,0,3.063909774,3.611650485,2.133540373,3.833333333,2.304761905,1.113207547,0.643867925,1.242924528,NA,NA,NA,NA,NA,NA,NA,NA,NA,NA,NA,NA,100,31,Jura,Vaud
3057,1,6.41,46.5,486,43,2,0.046511627906976744,0.2563994964330675,3.480314961,2.984288355,3.094617325,3.114727421,3.848184818,1.535714286,0.983766234,0.480519481,TRUE,NA,TRUE,NA,NA,NA,NA,NA,NA,NA,NA,NA,113,38,Mittelland,Vaud
3058,1,6.41,46.6,659,34,2,0.058823529411764705,0.0041279669762641896,3.82320442,3.610603291,2.674311927,3.662480377,3.197080292,1.137931034,1.462382445,0.39968652,TRUE,NA,TRUE,NA,NA,NA,NA,NA,NA,NA,NA,NA,127,31,Jura,Vaud
3059,1,6.41,46.68,1276,39,0,0,0,2.992260062,2.539577836,2.876273654,2.805074971,2.941326531,1.022883295,0.97597254,1.001144165,NA,NA,NA,NA,NA,NA,NA,NA,NA,NA,NA,NA,114,31,Jura,Vaud
3060,1,6.48,46.89,1189,24,0,0,0,3.218238994,2.997873848,3.00330033,2.922685185,3.474544605,1.310041647,0.796853309,0.893105044,NA,NA,NA,NA,NA,NA,NA,NA,NA,NA,NA,NA,129,46,Jura,Neuchâtel
3061,1,6.56,46.61,568,21,0,0,0,3.5,2.769230769,3.269230769,3.1875,4,1.25,1.1875,0.5625,NA,NA,NA,NA,NA,NA,NA,NA,NA,NA,NA,NA,154,45,Mittelland,Vaud
3062,1,6.56,46.89,806,39,1,0.02564102564102564,0.02702702702702703,3.470588235,3.15,2.777777778,3.347826087,2.956521739,0.916666667,1.083333333,1,NA,NA,TRUE,NA,NA,NA,NA,NA,NA,NA,NA,NA,156,46,Jura,Neuchâtel
3063,1,6.56,46.97,1041,24,0,0,0,3.277777778,3,3.192307692,3.357142857,3.857142857,1.266666667,0.8,0.933333333,NA,NA,NA,NA,NA,NA,NA,NA,NA,NA,NA,NA,143,46,Jura,Neuchâtel
3064,1,6.64,46.89,1155,32,0,0,0,3.022526146,2.754901961,2.881101813,2.601036269,2.930446194,1.027849741,1.060233161,0.911917098,NA,NA,NA,NA,NA,NA,NA,NA,NA,NA,NA,NA,156,46,Jura,Vaud
3065,1,6.72,46.54,817,31,0,0,0,3.392857143,2.9375,2.90625,3,3.333333333,1.157894737,0.947368421,0.894736842,NA,NA,NA,NA,NA,NA,NA,NA,NA,NA,NA,NA,167,52,Mittelland,Vaud
3066,1,6.72,46.89,926,22,0,0,0,3.227272727,3,2.923076923,3.25,3.866666667,1,1.3125,0.6875,NA,NA,NA,NA,NA,NA,NA,NA,NA,NA,NA,NA,183,46,Jura,Vaud
3067,1,6.72,46.97,1007,32,0,0,0,3.21875,2.944444444,3.105263158,3.095238095,3.476190476,1.181818182,1.090909091,0.727272727,NA,NA,NA,NA,NA,NA,NA,NA,NA,NA,NA,NA,183,46,Jura,Neuchâtel
3068,1,6.72,47,1181,33,0,0,0,3.200823045,2.99939976,3.649106003,3.349088838,3.982356289,1.211035267,0.81513083,0.973833902,NA,NA,NA,NA,NA,NA,NA,NA,NA,NA,NA,NA,170,54,Jura,Neuchâtel
3069,1,6.8,46.5,758,28,1,0.03571428571428571,9.398496240601508e-4,3.943247126,3.027377522,2.9375,3.039051604,3.061604585,2.710306407,0.167130919,0.122562674,NA,NA,TRUE,NA,NA,NA,NA,NA,NA,NA,NA,NA,194,52,Mittelland,Vaud
3070,1,6.8,46.54,735,46,0,0,0,3.5,3.074074074,2.913043478,3.275862069,3.233333333,1.064516129,1.032258065,0.903225806,NA,NA,NA,NA,NA,NA,NA,NA,NA,NA,NA,NA,194,59,Mittelland,Vaud
3071,1,6.8,46.64,623,35,0,0,0,3.473684211,3.045454545,2.956521739,3.32,3.44,1.307692308,0.923076923,0.769230769,NA,NA,NA,NA,NA,NA,NA,NA,NA,NA,NA,NA,195,59,Mittelland,Vaud
3072,1,6.79,47,1306,60,0,0,0,2.954545455,3.135135135,2.723684211,3.175,2.714285714,1.181818182,0.75,1.068181818,NA,NA,NA,NA,NA,NA,NA,NA,NA,NA,NA,NA,197,54,Jura,Neuchâtel
3073,1,6.79,47.04,1078,59,0,0,0,3.451754386,2.947730399,3.304347826,3.0625,3.868073879,1.288915094,1.028301887,0.682783019,NA,NA,NA,NA,NA,NA,NA,NA,NA,NA,NA,NA,197,54,Jura,Neuchâtel
3074,1,6.79,47.11,1182,29,1,0.034482758620689655,0.037037037037037035,3.205882353,3,3.027777778,3.142857143,3.9,1.142857143,1.380952381,0.476190476,NA,NA,NA,NA,NA,TRUE,NA,NA,NA,NA,NA,NA,198,54,Jura,Neuchâtel
3075,1,6.88,46.14,1869,51,0,0,0,2,3.227272727,3,3.581395349,2.195652174,1.239130435,0.413043478,1.347826087,NA,NA,NA,NA,NA,NA,NA,NA,NA,NA,NA,NA,205,65,Alpennordflanke,Valais
3076,1,6.88,46.21,1447,59,0,0,0,2.886363636,2.897959184,3.614583333,2.914893617,2.921568627,1.215686275,0.607843137,1.176470588,NA,NA,NA,NA,NA,NA,NA,NA,NA,NA,NA,NA,219,58,Alpennordflanke,Valais
3077,1,6.88,46.25,1607,71,0,0,0,2.832682292,3.113829787,2.759941804,3.529043789,2.816461684,1.414995641,0.612031386,0.972972973,NA,NA,NA,NA,NA,NA,NA,NA,NA,NA,NA,NA,219,58,Alpennordflanke,Valais
3078,1,6.88,46.32,1000,59,1,0.01694915254237288,0.018518518518518517,3.651515152,3.257142857,2.515151515,3.425,2.853658537,1.166666667,0.928571429,0.904761905,NA,NA,TRUE,NA,NA,NA,NA,NA,NA,NA,NA,NA,206,58,Alpennordflanke,Valais
3079,1,6.88,46.46,518,49,0.04,8.163265306122449e-4,1.3726835964310225e-5,3.726551724,2.886956522,3.024725275,3.136488971,2.775167785,1.913602941,0.480238971,0.606158088,NA,NA,NA,NA,NA,NA,NA,NA,NA,NA,NA,NA,207,66,Alpennordflanke,Vaud
3080,1,6.88,46.54,818,50,2,0.04,7.52445447705041e-4,3.262937063,2.992708333,3.435843794,3.281910009,3.61682243,1.085321101,1.02293578,0.891743119,NA,TRUE,TRUE,NA,NA,NA,NA,NA,NA,NA,NA,NA,221,59,Mittelland,Fribourg
3081,1,6.88,46.57,760,23,1,0.043478260869565216,0.045454545454545456,3.277777778,2.916666667,2.916666667,3,3.461538462,1,1.142857143,0.857142857,NA,TRUE,NA,NA,NA,NA,NA,NA,NA,NA,NA,NA,208,59,Mittelland,Fribourg
3082,1,6.88,46.61,870,23,0,0,0,3.45,3,3,3.0625,3.5,1.352941176,0.823529412,0.823529412,NA,NA,NA,NA,NA,NA,NA,NA,NA,NA,NA,NA,208,59,Mittelland,Fribourg
3083,1,6.88,46.64,738,19,1,0.05263157894736842,9.410288582183182e-4,3.4896,3,3.162547018,3.276874435,3.999095841,1.548532731,0.730474041,0.720993228,TRUE,NA,NA,NA,NA,NA,NA,NA,NA,NA,NA,NA,208,59,Mittelland,Fribourg
3084,1,6.88,46.72,641,34,0,0,0,3.16700715,2.980099502,2.985572139,2.716097561,3.100487805,1.178015564,1.195525292,0.626459144,NA,NA,NA,NA,NA,NA,NA,NA,NA,NA,NA,NA,222,67,Mittelland,Vaud
3085,1,6.87,47.11,1069,24,2,0.08333333333333333,0.09523809523809523,3.388888889,3,3.181818182,3.083333333,3.916666667,1.076923077,1.384615385,0.538461538,TRUE,NA,NA,NA,NA,NA,NA,NA,NA,NA,NA,NA,211,68,Jura,Neuchâtel
3086,1,6.96,46.46,1457,42,0,0,0,2.931818182,2.923076923,2.82,2.666666667,2.666666667,1.333333333,0.62962963,1.037037037,NA,NA,NA,NA,NA,NA,NA,NA,NA,NA,NA,NA,234,66,Alpennordflanke,Vaud
3087,1,6.96,46.61,840,40,0,0,0,3.222222222,3,3.217391304,3.083333333,3.6,1.307692308,0.923076923,0.769230769,NA,NA,NA,NA,NA,NA,NA,NA,NA,NA,NA,NA,235,59,Alpennordflanke,Fribourg
3088,1,6.96,46.64,799,17,0,0,0,3.25,3,3.222222222,3.272727273,3.8,1.181818182,1,0.818181818,NA,NA,NA,NA,NA,NA,NA,NA,NA,NA,NA,NA,235,59,Mittelland,Fribourg
3089,1,6.95,46.72,698,18,2,0.1111111111111111,0.1111111111111111,3.375,3,3.1,3.090909091,3.916666667,1.083333333,1.25,0.666666667,TRUE,NA,TRUE,NA,NA,NA,NA,NA,NA,NA,NA,NA,222,67,Mittelland,Fribourg
3090,1,6.95,46.75,705,31,1,0.03225806451612903,0.009000900090009,3.44606947,2.999443207,3.14019337,3.215859031,3.848804892,1.373282023,0.870808136,0.755909841,TRUE,NA,NA,NA,NA,NA,NA,NA,NA,NA,NA,NA,236,67,Mittelland,Fribourg
3091,1,6.95,47.11,1219,30,0,0,0,3.368269231,2.974754558,3.067605634,2.891463415,3.70027248,1.46723301,0.986650485,0.546116505,NA,NA,NA,NA,NA,NA,NA,NA,NA,NA,NA,NA,238,68,Jura,Neuchâtel
3092,1,6.95,47.15,1193,29,0,0,0,3.15625,2.944444444,3.131578947,3.05,3.6,1.142857143,0.952380952,0.904761905,NA,NA,NA,NA,NA,NA,NA,NA,NA,NA,NA,NA,225,68,Jura,Bern
3093,1,6.95,47.18,1041,31,1,0.03225806451612903,9.250693802035157e-4,3.222543353,3,3.282098765,3.128888889,3.928967814,1.219755827,0.882352941,0.897891232,NA,NA,TRUE,NA,NA,NA,NA,NA,NA,NA,NA,NA,225,61,Jura,Bern
3094,1,6.95,47.22,1002,26,1,0.038461538461538464,0.0026178010471204203,3.346590909,3,3.034090909,3.090721649,3.924623116,1.475409836,0.913934426,0.610655738,TRUE,NA,NA,NA,NA,NA,NA,NA,NA,NA,NA,NA,239,61,Jura,Jura
3095,1,6.95,47.26,519,32,0,0,0,3.409090909,2.84,3.2,3.2,3.461538462,1.192307692,0.961538462,0.846153846,NA,NA,NA,NA,NA,NA,NA,NA,NA,NA,NA,NA,239,61,Jura,Jura
3096,1,6.95,47.36,770,48,0,0,0,3.283333333,2.787878788,3.090909091,2.852941176,3.138888889,1.378378378,0.702702703,0.918918919,NA,NA,NA,NA,NA,NA,NA,NA,NA,NA,NA,NA,240,69,Jura,Jura
3097,1,7.04,46.21,1297,51,0,0,0,3.177419355,3.029411765,3.117647059,3.243243243,3.394736842,1.15,1,0.85,NA,NA,NA,NA,NA,NA,NA,NA,NA,NA,NA,NA,246,65,Alpennordflanke,Vaud
3098,1,7.04,46.39,1820,50,0,0,0,2.293103448,3.323529412,2.515151515,3.6875,2.428571429,1.114285714,0.628571429,1.257142857,NA,NA,NA,NA,NA,NA,NA,NA,NA,NA,NA,NA,247,66,Alpennordflanke,Vaud
3099,1,7.03,46.54,1200,52,1,0.019230769230769232,0.003623188405797105,3.275477707,2.943143813,3.116666667,3.094972067,3.545454545,1.329639889,1.024930748,0.645429363,NA,NA,NA,TRUE,NA,NA,NA,NA,NA,NA,NA,NA,248,66,Alpennordflanke,Fribourg
3100,1,7.03,46.75,721,22,0,0,0,3.25,3,3.107142857,3,3.875,1.117647059,1.235294118,0.647058824,NA,NA,NA,NA,NA,NA,NA,NA,NA,NA,NA,NA,236,67,Mittelland,Fribourg
3101,1,7.03,46.9,434,26,2,0.07692307692307693,0.06551475881929446,3.785714286,3.071143086,3.070887446,3.084372707,3.636577708,1.816715543,1,0.183284457,NA,NA,TRUE,NA,NA,NA,NA,NA,NA,NA,NA,NA,237,74,Mittelland,Vaud
3102,1,7.03,47.18,1230,39,0,0,0,3.125,3.074074074,2.846153846,3.178571429,3.142857143,1.103448276,1.103448276,0.793103448,NA,NA,NA,NA,NA,NA,NA,NA,NA,NA,NA,NA,252,75,Jura,Bern
3104,1,7.03,47.26,969,23,0,0,0,3.240645161,2.694323144,3.021929825,2.984279476,3.656794425,1.304878049,1.004355401,0.690766551,NA,NA,NA,NA,NA,NA,NA,NA,NA,NA,NA,NA,239,75,Jura,Jura
3105,1,7.03,47.44,580,31,1,0.03225806451612903,6.489292667099288e-4,3.6886121,3,3.17866005,3.034749035,3.723435226,1.370656371,0.891891892,0.737451737,NA,NA,TRUE,NA,NA,NA,NA,NA,NA,NA,NA,NA,254,69,Jura,Jura
3106,1,7.12,45.96,1479,52,0,0,0,2.435483871,2.972972973,3.135135135,2.861111111,2.972972973,1.4,0.45,1.15,NA,NA,NA,NA,NA,NA,NA,NA,NA,NA,NA,NA,258,71,Westliche Zentralalpen,Valais
3107,1,7.11,46.32,1769,20,0,0,0,2.666666667,2.666666667,3.409090909,3,3.818181818,1.5,0.583333333,0.916666667,NA,NA,NA,NA,NA,NA,NA,NA,NA,NA,NA,NA,260,72,Alpennordflanke,Vaud
3108,1,7.11,46.39,1561,45,0,0,0,2.408163265,2.766627771,3.22826087,2.76825029,3.694412771,1.601359003,0.653454134,0.745186863,NA,NA,NA,NA,NA,NA,NA,NA,NA,NA,NA,NA,247,72,Alpennordflanke,Vaud
3109,1,7.11,46.54,1291,71,0,0,0,3.124444444,3.293604651,2.558370044,3.386892178,2.618736383,1.427385892,0.62033195,0.952282158,NA,NA,NA,NA,NA,NA,NA,NA,NA,NA,NA,NA,248,73,Alpennordflanke,Fribourg
3110,1,7.11,46.57,1041,56,0,0,0,3.159889094,2.890703518,2.758887172,2.820950061,2.863529412,1.05052879,0.917743831,1.03172738,NA,NA,NA,NA,NA,NA,NA,NA,NA,NA,NA,NA,262,73,Alpennordflanke,Fribourg
3111,1,7.11,46.64,759,22,1,0.045454545454545456,0.12473271560940832,3.33972311,3,3.25224647,3.00461042,3.989396035,1.282688766,1.087016575,0.630294659,TRUE,NA,NA,NA,NA,NA,NA,NA,NA,NA,NA,NA,262,73,Alpennordflanke,Fribourg
3112,1,7.11,46.68,687,30,1,0.03333333333333333,0.034482758620689655,3.346153846,3.066666667,2.941176471,3.277777778,3.666666667,1.315789474,0.842105263,0.842105263,NA,TRUE,NA,NA,NA,NA,NA,NA,NA,NA,NA,NA,249,73,Alpennordflanke,Fribourg
3113,1,7.11,46.75,640,13,1,0.07692307692307693,5.803830528148579e-4,3.472513089,3,3.168706294,3.002169197,3.995661605,1.382863341,0.997830803,0.619305857,NA,NA,TRUE,NA,NA,NA,NA,NA,NA,NA,NA,NA,263,67,Mittelland,Fribourg
3114,1,7.11,47.22,901,23,2,0.08695652173913043,0.08695652173913043,3.5,3,3.115384615,3.142857143,3.571428571,1.2,1,0.8,TRUE,NA,TRUE,NA,NA,NA,NA,NA,NA,NA,NA,NA,266,75,Jura,Bern
3115,1,7.11,47.33,724,20,0,0,0,3.125,2.909090909,3.272727273,3.083333333,3.583333333,1.076923077,1.076923077,0.846153846,NA,NA,NA,NA,NA,NA,NA,NA,NA,NA,NA,NA,253,75,Jura,Jura
3116,1,7.11,47.47,427,16,1,0.0625,0.0010221465076660989,3.320473251,3.001032347,3.461448141,3.209982788,4,1.239848589,1.067790778,0.692360633,TRUE,NA,NA,NA,NA,NA,NA,NA,NA,NA,NA,NA,254,76,Mittelland,Jura
3117,1,7.19,45.93,1902,55,0,0,0,2.116666667,3.054054054,2.8,2.578947368,2.342105263,1.195121951,0.414634146,1.390243902,NA,NA,NA,NA,NA,NA,NA,NA,NA,NA,NA,NA,271,71,Westliche Zentralalpen,Valais
3118,1,7.19,46.03,2228,37,0,0,0,2.019230769,3.172413793,2.566666667,2.153846154,2.033333333,1.161290323,0.387096774,1.451612903,NA,NA,NA,NA,NA,NA,NA,NA,NA,NA,NA,NA,272,71,Westliche Zentralalpen,Valais
3119,1,7.19,46.29,1967,50,0.05,0.001,0.0010416666666666667,2.155172414,3.3125,2.590909091,3.862068966,2.212121212,1.176470588,0.529411765,1.294117647,NA,NA,NA,NA,NA,NA,NA,NA,NA,NA,NA,NA,287,72,Westliche Zentralalpen,Vaud
3120,1,7.19,46.32,2255,48,0,0,0,1.659274194,3.4617737,2.772423025,3.341430499,1.990566038,1.105614973,0.475935829,1.418449198,NA,NA,NA,NA,NA,NA,NA,NA,NA,NA,NA,NA,287,72,Alpennordflanke,Vaud
3121,1,7.19,46.43,1823,34,0,0,0,2.837209302,2.393468118,3.104632588,2.960784314,3.217252396,1.205705706,0.828828829,0.965465465,NA,NA,NA,NA,NA,NA,NA,NA,NA,NA,NA,NA,288,80,Alpennordflanke,Vaud
3122,1,7.19,46.47,1600,51,0,0,0,2.77027027,2.710526316,3.3625,2.9,3.097560976,1.666666667,0.404761905,0.928571429,NA,NA,NA,NA,NA,NA,NA,NA,NA,NA,NA,NA,288,80,Alpennordflanke,Vaud
3123,1,7.19,46.5,1189,34,0,0,0,3.291147132,2.806030151,3.005045409,2.934119961,3.13654224,0.945972495,1.060903733,0.993123772,NA,NA,NA,NA,NA,NA,NA,NA,NA,NA,NA,NA,275,80,Alpennordflanke,Vaud
3124,1,7.19,46.68,1457,41,0,0,0,2.680270522,2.567334576,4.001746217,3.053349574,3.499650757,1.897788126,0.095925495,1.00628638,NA,NA,NA,NA,NA,NA,NA,NA,NA,NA,NA,NA,276,73,Alpennordflanke,Fribourg
3125,1,7.19,46.75,709,28,0,0,0,3.431818182,2.945406125,3.067444877,2.974059663,3.612403101,1.54005168,0.919896641,0.54005168,NA,NA,NA,NA,NA,NA,NA,NA,NA,NA,NA,NA,290,81,Mittelland,Fribourg
3126,1,7.19,47.26,937,17,0,0,0,3.4375,3,3.05,3.166666667,3.75,1,1.307692308,0.692307692,NA,NA,NA,NA,NA,NA,NA,NA,NA,NA,NA,NA,293,75,Jura,Bern
3127,1,7.19,47.36,759,43,1,0.023255813953488372,0.024390243902439025,3.431034483,2.724137931,3.14516129,3.303030303,3.125,1.727272727,0.545454545,0.727272727,NA,NA,NA,NA,NA,NA,NA,NA,NA,NA,NA,NA,294,83,Jura,Jura
3128,1,7.27,46.39,1163,38,0,0,0,3.05,2.863636364,3.340909091,3.083333333,3.6,1.307692308,0.730769231,0.961538462,NA,NA,NA,NA,NA,NA,NA,NA,NA,NA,NA,NA,301,80,Alpennordflanke,Bern
3129,1,7.27,46.5,1503,68,0,0,0,2.944444444,2.914893617,3.12,3.04,3.156862745,1.407407407,0.648148148,0.944444444,NA,NA,NA,NA,NA,NA,NA,NA,NA,NA,NA,NA,302,80,Alpennordflanke,Bern
3130,1,7.27,46.54,1802,48,0,0,0,2.505868545,2.905660377,3.221130221,2.72972973,2.764018692,1.0687361419999999,0.643015521,1.288248337,NA,NA,NA,NA,NA,NA,NA,NA,NA,NA,NA,NA,302,80,Alpennordflanke,Bern
3131,1,7.27,46.61,990,48,0,0,0,3.083900227,3,3.267199017,3.483596598,3.716199756,1.537621359,0.484223301,0.97815534,NA,NA,NA,NA,NA,NA,NA,NA,NA,NA,NA,NA,289,87,Alpennordflanke,Fribourg
3132,1,7.27,46.65,1400,45,0,0,0,2.183365759,3.348880597,2.30605227,3.224806202,2.640858209,1.061054579,0.519888992,1.419056429,NA,NA,NA,NA,NA,NA,NA,NA,NA,NA,NA,NA,289,87,Alpennordflanke,Fribourg
3133,1,7.27,46.75,1007,27,0,0,0,3.277777778,3,3.076923077,3.133333333,3.533333333,1.0625,1.125,0.8125,NA,NA,NA,NA,NA,NA,NA,NA,NA,NA,NA,NA,290,81,Alpennordflanke,Fribourg
3134,1,7.27,46.79,754,27,1,0.037037037037037035,9.407337723424278e-4,3.45971867,2.993610224,3.128293242,3.005197505,3.968847352,1.637590862,1.024922118,0.33748702,NA,TRUE,NA,NA,NA,NA,NA,NA,NA,NA,NA,NA,290,81,Mittelland,Fribourg
3135,1,7.27,46.83,711,32,0,0,0,3.315020456,3,3.106789858,3.001121915,3.377661561,1.305939484,0.806499813,0.887560702,NA,NA,NA,NA,NA,NA,NA,NA,NA,NA,NA,NA,304,81,Mittelland,Fribourg
3136,1,7.27,46.86,600,28,0,0,0,3.346153846,2.933333333,3.142857143,3,3.588235294,1.166666667,1.166666667,0.666666667,NA,NA,NA,NA,NA,NA,NA,NA,NA,NA,NA,NA,304,88,Mittelland,Fribourg
3137,1,7.27,47,595,51,3,0.058823529411764705,0.001407789770061004,3.715483871,3.252915452,2.791576674,3.241247613,2.752330226,1.375,0.712939698,0.912060302,NA,NA,NA,NA,NA,TRUE,NA,TRUE,NA,NA,NA,NA,305,82,Mittelland,Bern
3138,1,7.27,47.36,561,35,1,0.02857142857142857,0.00207182320441989,3.238215488,3.003571429,3.150916784,3.131111111,3.753333333,1.064230343,1.205980066,0.72978959,TRUE,NA,NA,NA,NA,NA,NA,NA,NA,NA,NA,NA,294,83,Jura,Jura
3139,1,7.35,46.14,2524,38,0,0,0,1.375257732,2.219123506,3.412401575,1.954365079,2.348605578,1.246062992,0.188976378,1.56496063,NA,NA,NA,NA,NA,NA,NA,NA,NA,NA,NA,NA,313,79,Westliche Zentralalpen,Valais
3140,1,7.35,46.18,1463,51,0,0,0,3.045454545,3.235294118,2.986111111,3.358974359,3.205128205,1.4,0.575,1.025,NA,NA,NA,NA,NA,NA,NA,NA,NA,NA,NA,NA,313,79,Westliche Zentralalpen,Valais
3141,1,7.35,46.32,2158,55,0,0,0,1.810084826,3.687986171,2.292241379,3.362532524,2.005163511,1.323580034,0.303786575,1.372633391,NA,NA,NA,NA,NA,NA,NA,NA,NA,NA,NA,NA,314,86,Westliche Zentralalpen,Valais
3142,1,7.35,46.47,1771,68,0,0,0,2.358695652,3.041666667,3.156862745,3.434782609,2.72,1.384615385,0.5,1.115384615,NA,NA,NA,NA,NA,NA,NA,NA,NA,NA,NA,NA,315,80,Alpennordflanke,Bern
3143,1,7.35,46.5,1617,26,0,0,0,3.002145923,2.972,2.632478632,2.238095238,2.4743083,1.039370079,1.051181102,0.909448819,NA,NA,NA,NA,NA,NA,NA,NA,NA,NA,NA,NA,302,80,Alpennordflanke,Bern
3144,1,7.35,46.54,1301,44,1,0.022727272727272728,0.022727272727272728,3.282608696,2.96,2.87037037,3.142857143,3.066666667,1.161290323,0.935483871,0.903225806,NA,NA,TRUE,NA,NA,NA,NA,NA,NA,NA,NA,NA,302,87,Alpennordflanke,Bern
3145,1,7.35,46.65,1858,63,0,0,0,2.294117647,3.238095238,2.695121951,3.333333333,2.558139535,1.23255814,0.534883721,1.23255814,NA,NA,NA,NA,NA,NA,NA,NA,NA,NA,NA,NA,316,87,Alpennordflanke,Bern
3146,1,7.35,46.68,1381,76,0,0,0,3.251097179,2.999470339,3.889844617,2.95575693,3.195044808,1.315789474,0.698947368,0.985263158,NA,NA,NA,NA,NA,NA,NA,NA,NA,NA,NA,NA,303,87,Alpennordflanke,Fribourg
3147,1,7.35,46.72,1028,29,0,0,0,3.3125,2.941176471,3.236842105,3.1,3.65,1.238095238,1.047619048,0.714285714,NA,NA,NA,NA,NA,NA,NA,NA,NA,NA,NA,NA,303,81,Alpennordflanke,Bern
3148,1,7.35,46.9,618,8,0,0,0,3.5,3,3.166666667,3,3.75,1.2,1,0.8,NA,NA,NA,NA,NA,NA,NA,NA,NA,NA,NA,NA,318,88,Mittelland,Bern
3149,1,7.35,47.04,573,26,2,0.07692307692307693,0.020730503455083923,3.485499463,3,3.029936975,3.024564995,3.972860125,1.891615542,1.009202454,0.099182004,TRUE,NA,TRUE,NA,NA,NA,NA,NA,NA,NA,NA,NA,319,82,Mittelland,Bern
3150,1,7.35,47.18,689,32,2,0.0625,0.003784295175023654,3.220245399,3.004410143,2.933149171,3.127332602,3.394396552,1.062298604,0.982814178,0.954887218,NA,NA,TRUE,TRUE,NA,NA,NA,NA,NA,NA,NA,NA,306,89,Jura,Bern
3151,1,7.35,47.22,1238,21,1,0.047619047619047616,7.209805335255948e-4,3.42472119,2.99766173,3.096259124,3.052833078,3.950995406,1.666156202,1.035222052,0.298621746,NA,NA,NA,NA,NA,TRUE,NA,NA,NA,NA,NA,NA,320,89,Jura,Bern
3152,1,7.43,46.11,2677,31,0,0,0,1.464285714,2.923076923,2.910714286,2.346153846,2.035714286,1,0.413793103,1.586206897,NA,NA,NA,NA,NA,NA,NA,NA,NA,NA,NA,NA,326,93,Westliche Zentralalpen,Valais
3155,1,7.43,46.39,1742,44,0,0,0,2.416666667,3,3.133333333,3.142857143,3.1,1.25,0.6875,1.0625,NA,NA,NA,NA,NA,NA,NA,NA,NA,NA,NA,NA,328,94,Alpennordflanke,Bern
3156,1,7.43,46.65,908,27,0,0,0,3.1,2.941176471,3.411764706,3,3.777777778,1.368421053,0.736842105,0.894736842,NA,NA,NA,NA,NA,NA,NA,NA,NA,NA,NA,NA,330,87,Alpennordflanke,Bern
3157,1,7.43,46.72,1419,51,0,0,0,2.564570943,2.981549815,3.45705968,2.748725419,3.156848306,1.544267054,0.435413643,1.020319303,NA,NA,NA,NA,NA,NA,NA,NA,NA,NA,NA,NA,330,95,Alpennordflanke,Bern
3158,1,7.43,46.79,877,20,0,0,0,3.475570033,2.997701149,3.105381166,2.985440613,3.945635528,1.669218989,0.998468606,0.332312404,NA,NA,NA,NA,NA,NA,NA,NA,NA,NA,NA,NA,317,95,Alpennordflanke,Bern
3159,1,7.43,47.01,596,22,0,0,0,3.409090909,2.846153846,3.230769231,3.142857143,3.5,1.066666667,1.066666667,0.866666667,NA,NA,NA,NA,NA,NA,NA,NA,NA,NA,NA,NA,332,96,Mittelland,Bern
3160,1,7.43,47.33,716,23,0,0,0,3.442800789,2.996127783,3.095559846,3.086092715,3.170293283,1.020754717,1.000943396,0.978301887,NA,NA,NA,NA,NA,NA,NA,NA,NA,NA,NA,NA,334,97,Jura,Jura
3161,1,7.43,47.36,618,53,1,0.018867924528301886,0.019230769230769232,3.568965517,3.085714286,2.71875,3.228571429,2.894736842,0.871794872,1.256410256,0.871794872,NA,NA,TRUE,NA,NA,NA,NA,NA,NA,NA,NA,NA,321,97,Jura,Jura
3162,1,7.5,46.11,1401,58,0.32,0.005517241379310345,0.00886426592797783,3.46785404,3.516840883,2.754550793,3.805274972,2.601293103,1.891791045,0.314498934,0.793710021,NA,NA,NA,NA,NA,NA,NA,NA,NA,NA,NA,NA,340,93,Westliche Zentralalpen,Valais
3163,1,7.5,46.43,1700,50,0,0,0,2.818181818,3,2.924242424,3.2,2.75,1.567567568,0.432432432,1,NA,NA,NA,NA,NA,NA,NA,NA,NA,NA,NA,NA,342,94,Alpennordflanke,Bern
3164,1,7.5,46.47,2052,46,0,0,0,2.043122271,2.989154013,2.947339848,2.242128122,2.437093275,1.307359307,0.093073593,1.5995671,NA,NA,NA,NA,NA,NA,NA,NA,NA,NA,NA,NA,342,94,Alpennordflanke,Bern
3165,1,7.5,46.5,2267,28,0,0,0,1.428571429,2.25,3.525,2.8,2.4,1.095238095,0.285714286,1.619047619,NA,NA,NA,NA,NA,NA,NA,NA,NA,NA,NA,NA,342,94,Alpennordflanke,Bern
3166,1,7.5,46.54,1414,55,0,0,0,2.893939394,2.971428571,3.175675676,3.135135135,3.447368421,1.325,0.85,0.825,NA,NA,NA,NA,NA,NA,NA,NA,NA,NA,NA,NA,329,94,Alpennordflanke,Bern
3167,1,7.5,46.57,1442,36,0,0,0,2.942495127,2.958424508,3.208171206,3.013565891,3.382293763,1.284916201,1.126629423,0.588454376,NA,NA,NA,NA,NA,NA,NA,NA,NA,NA,NA,NA,343,87,Alpennordflanke,Bern
3168,1,7.5,46.65,1267,50,0,0,0,3.229704797,2.769230769,2.96886121,2.90443686,2.608177172,1.213559322,0.752542373,1.033898305,NA,NA,NA,NA,NA,NA,NA,NA,NA,NA,NA,NA,343,87,Alpennordflanke,Bern
3169,1,7.5,46.75,676,53,2,0.03773584905660377,0.00915969733174034,3.193404635,2.729770992,3.250377644,3.08690013,3.559234731,1.335054874,0.80116204,0.863783086,TRUE,TRUE,NA,NA,NA,NA,NA,NA,NA,NA,NA,NA,344,95,Alpennordflanke,Bern
3170,1,7.5,46.83,581,22,1,0.045454545454545456,6.203473945409429e-4,3.474278545,3.00261324,3.008739076,3.004347826,3.905299739,1.545612511,1.026933102,0.427454387,NA,NA,TRUE,NA,NA,NA,NA,NA,NA,NA,NA,NA,331,95,Mittelland,Bern
3171,1,7.5,46.86,531,28,2,0.07142857142857142,0.07142857142857142,3.409090909,3,3.038461538,3.0625,3.5625,1.176470588,1.176470588,0.647058824,TRUE,NA,TRUE,NA,NA,NA,NA,NA,NA,NA,NA,NA,331,95,Mittelland,Bern
3172,1,7.5,46.97,596,16,1,0.0625,0.07142857142857142,3.5,2.875,3,3,3.555555556,1.3,1.1,0.6,NA,NA,TRUE,NA,NA,NA,NA,NA,NA,NA,NA,NA,345,88,Mittelland,Bern
3173,1,7.5,47.15,502,32,2.04,0.06375,0.06580645161290322,3.363636364,2.904761905,3.229166667,3.2,3.76,1.192307692,1.153846154,0.653846154,NA,NA,NA,NA,NA,NA,NA,NA,TRUE,TRUE,NA,NA,333,96,Mittelland,Solothurn
3174,1,7.5,47.36,593,32,2,0.0625,0.15166666666666673,3.32527881,2.991689751,3.325490196,3.263020833,3.802739726,1.350649351,0.935064935,0.714285714,TRUE,TRUE,NA,NA,NA,NA,NA,NA,NA,NA,NA,NA,348,97,Jura,Jura
3175,1,7.5,47.4,448,22,2,0.09090909090909091,0.09523809523809523,3.3125,3,3.2,3,3.818181818,1.166666667,1,0.833333333,TRUE,TRUE,NA,NA,NA,NA,NA,NA,NA,NA,NA,NA,348,97,Jura,Basel-Landschaft
3176,1,7.5,47.44,437,66,1,0.015151515151515152,8.849557522123908e-4,3.663841808,3.559859155,2.0498220640000002,3.968503937,2.272040302,1.450881612,0.17884131,1.370277078,NA,NA,NA,NA,NA,NA,NA,NA,NA,NA,NA,NA,348,97,Jura,Basel-Landschaft
3177,1,7.58,46.14,2521,65,0,0,0,1.653674833,3.650924025,2.467545639,3.37360179,2.116089613,1.154929577,0.325955734,1.519114688,NA,NA,NA,NA,NA,NA,NA,NA,NA,NA,NA,NA,367,93,Westliche Zentralalpen,Valais
3178,1,7.58,46.39,2372,31,0,0,0,1.533962264,2.862857143,3.10754717,3.786259542,2.097959184,0.996226415,0.40754717,1.596226415,NA,NA,NA,NA,NA,NA,NA,NA,NA,NA,NA,NA,355,94,Alpennordflanke,Valais
3179,1,7.58,46.54,1472,42,0,0,0,3.125,2.961538462,3.12962963,3,3.310344828,1.233333333,0.9,0.866666667,NA,NA,NA,NA,NA,NA,NA,NA,NA,NA,NA,NA,356,101,Alpennordflanke,Bern
3180,1,7.58,46.65,961,24,0,0,0,3.333333333,3,3.285714286,3.2,3.666666667,1.4375,0.75,0.8125,NA,NA,NA,NA,NA,NA,NA,NA,NA,NA,NA,NA,357,101,Alpennordflanke,Bern
3181,1,7.58,46.68,1502,53,0,0,0,3.161290323,2.848428835,2.66728281,3.137667304,2.594339623,1.158059468,0.727699531,1.114241002,NA,NA,NA,NA,NA,NA,NA,NA,NA,NA,NA,NA,357,101,Alpennordflanke,Bern
3182,1,7.58,46.72,688,26,3,0.11538461538461539,0.11538461538461539,3.35,3,3.125,3.071428571,3.714285714,1.066666667,1.133333333,0.8,TRUE,TRUE,TRUE,NA,NA,NA,NA,NA,NA,NA,NA,NA,357,95,Mittelland,Bern
3183,1,7.58,46.75,569,37,1,0.02702702702702703,8.718395815170011e-4,3.675925926,3.1875,2.755882353,3.061946903,3.068441065,1.432671082,0.763796909,0.803532009,NA,NA,NA,NA,TRUE,NA,NA,NA,NA,NA,NA,NA,371,95,Mittelland,Bern
3184,1,7.58,46.97,789,29,0,0,0,3.063657407,2.977070064,2.762601626,2.650201613,2.81863354,1,1.003015075,0.996984925,NA,NA,NA,NA,NA,NA,NA,NA,NA,NA,NA,NA,359,102,Mittelland,Bern
3185,1,7.66,46.36,2245,35,0,0,0,1.853204173,2.962908012,2.966467958,2.192250373,2.102446483,1.219020173,0.10518732,1.675792507,NA,NA,NA,NA,NA,NA,NA,NA,NA,NA,NA,NA,382,100,Westliche Zentralalpen,Valais
3186,1,7.66,46.57,880,34,0,0,0,3.222222222,2.95,3.136363636,3.181818182,3.608695652,1.25,1,0.75,NA,NA,NA,NA,NA,NA,NA,NA,NA,NA,NA,NA,370,101,Alpennordflanke,Bern
3187,1,7.66,46.61,791,20,0,0,0,3.42887931,3,3.015247776,3,3.449258837,1.202436739,0.99437675699999994,0.803186504,NA,NA,NA,NA,NA,NA,NA,NA,NA,NA,NA,NA,370,101,Alpennordflanke,Bern
3188,1,7.66,46.75,856,37,1,0.02702702702702703,0.02702702702702703,3.295454545,2.916666667,3.239130435,2.96,3.357142857,1.448275862,0.689655172,0.862068966,NA,TRUE,NA,NA,NA,NA,NA,NA,NA,NA,NA,NA,371,109,Alpennordflanke,Bern
3189,1,7.66,46.82,1165,22,0,0,0,3.023010547,2.240869565,2.95625588,2.901041667,3.002601908,1.019947962,1.002601908,0.97745013,NA,NA,NA,NA,NA,NA,NA,NA,NA,NA,NA,NA,385,102,Mittelland,Bern
3190,1,7.66,46.97,793,28,2,0.07142857142857142,0.02244668911335577,3.352678571,3.001491424,3.289206642,3.006276151,3.820781032,1.073068894,1.006958942,0.919972164,TRUE,TRUE,NA,NA,NA,NA,NA,NA,NA,NA,NA,NA,386,102,Mittelland,Bern
3191,1,7.66,47,598,17,2,0.11764705882352941,0.1341209173036831,3.438914027,3,3.053719008,3.04248366,3.994940978,1.308319739,1.037520392,0.654159869,TRUE,TRUE,NA,NA,NA,NA,NA,NA,NA,NA,NA,NA,386,102,Mittelland,Bern
3192,1,7.66,47.26,476,17,2,0.11764705882352941,0.08266666666666671,3.486979167,3,3.231770833,3.00243309,3.997506234,1.109489051,1.00729927,0.883211679,TRUE,TRUE,NA,NA,NA,NA,NA,NA,NA,NA,NA,NA,374,103,Mittelland,Bern
3193,1,7.66,47.36,1144,36,0,0,0,3.367768595,3.456937799,2.476019185,3.356489945,2.836601307,1.204007286,0.659380692,1.136612022,NA,NA,NA,NA,NA,NA,NA,NA,NA,NA,NA,NA,375,111,Jura,Solothurn
3194,1,7.66,47.44,600,27,0,0,0,3.457446809,3,3.302205882,3.140506329,3.680465718,1.266078184,0.881462799,0.852459016,NA,NA,NA,NA,NA,NA,NA,NA,NA,NA,NA,NA,389,111,Jura,Solothurn
3195,1,7.74,46.03,2617,59,0,0,0,1.671009772,3.311897106,2.5398089170000002,3.048275862,2.160120846,1.119760479,0.616766467,1.263473054,NA,NA,NA,NA,NA,NA,NA,NA,NA,NA,NA,NA,380,99,Westliche Zentralalpen,Valais
3196,1,7.74,46.39,2056,51,0,0,0,2.301098901,2.935185185,3.255506608,2.920765027,3.833698031,2.313043478,0.154347826,0.532608696,NA,NA,NA,NA,NA,NA,NA,NA,NA,NA,NA,NA,382,108,Westliche Zentralalpen,Valais
3197,1,7.74,46.5,1959,44,0,0,0,1.82079646,3.454545455,2.348484848,4.4,2.030172414,1.435344828,0.482758621,1.081896552,NA,NA,NA,NA,NA,NA,NA,NA,NA,NA,NA,NA,383,108,Alpennordflanke,Bern
3198,1,7.74,46.61,1795,73,0,0,0,2.235294118,3.01754386,3,2.925925926,2.389830508,1.4,0.366666667,1.233333333,NA,NA,NA,NA,NA,NA,NA,NA,NA,NA,NA,NA,397,101,Alpennordflanke,Bern
3199,1,7.74,46.79,1074,31,2,0.06451612903225806,0.06666666666666667,3.375,3,3.117647059,3.222222222,3.611111111,1.210526316,1,0.789473684,TRUE,TRUE,NA,NA,NA,NA,NA,NA,NA,NA,NA,NA,398,109,Alpennordflanke,Bern
3200,1,7.74,47.33,696,26,0,0,0,3.318181818,2.928571429,3.125,3.133333333,3.666666667,1.1875,1.125,0.6875,NA,NA,NA,NA,NA,NA,NA,NA,NA,NA,NA,NA,388,111,Jura,Solothurn
3201,1,7.74,47.36,897,30,2,0.06666666666666667,0.01269649334945586,3.202978056,3.001051525,3.066590126,3.035743298,3.770028275,1.167066347,1.075939249,0.756994404,TRUE,NA,TRUE,NA,NA,NA,NA,NA,NA,NA,NA,NA,402,111,Jura,Basel-Landschaft
3202,1,7.74,47.51,444,29,1,0.034482758620689655,0.034482758620689655,3.475,2.9,3.238095238,3.260869565,3.608695652,1.666666667,0.791666667,0.541666667,NA,NA,TRUE,NA,NA,NA,NA,NA,NA,NA,NA,NA,403,104,Jura,Basel-Landschaft
3203,1,7.81,46.21,1629,53,0,0,0,2.979166667,3.259259259,2.714285714,3.137931034,3,1.28125,0.8125,0.90625,NA,NA,NA,NA,NA,NA,NA,NA,NA,NA,NA,NA,408,107,Westliche Zentralalpen,Valais
3204,1,7.81,46.25,2371,37,0,0,0,1.54287902,2.81678487,3.037234043,1.910165485,2.096926714,1.356552538,0.05785124,1.585596222,NA,NA,NA,NA,NA,NA,NA,NA,NA,NA,NA,NA,408,114,Westliche Zentralalpen,Valais
3205,1,7.81,46.28,1318,31,1,0.03225806451612903,0.03225806451612903,3.15625,3.277777778,2.882352941,3.238095238,2.85,1.285714286,0.761904762,0.952380952,NA,NA,NA,NA,NA,NA,TRUE,NA,NA,NA,NA,NA,395,114,Westliche Zentralalpen,Valais
3206,1,7.82,46.54,2485,58,0,0,0,1.779680365,3.010403121,2.880526316,2.3897316220000002,2.156881617,1.380188679,0.226415094,1.393396226,NA,NA,NA,NA,NA,NA,NA,NA,NA,NA,NA,NA,410,108,Alpennordflanke,Bern
3207,1,7.82,46.57,2225,59,0,0,0,1.926829268,3.069767442,2.860465116,3.3,2.418604651,1.244444444,0.511111111,1.244444444,NA,NA,NA,NA,NA,NA,NA,NA,NA,NA,NA,NA,410,115,Alpennordflanke,Bern
3208,1,7.82,46.61,1719,74,0,0,0,1.829923274,3.446564885,2.525982256,2.742385787,2.181012658,1.113493064,0.181588903,1.704918033,NA,NA,NA,NA,NA,NA,NA,NA,NA,NA,NA,NA,397,115,Alpennordflanke,Bern
3209,1,7.82,46.72,1436,61,0,0,0,2.666341146,2.953524804,2.927301255,2.073183761,2.125386997,1.15376677,0.441692466,1.404540764,NA,NA,NA,NA,NA,NA,NA,NA,NA,NA,NA,NA,411,109,Alpennordflanke,Bern
3210,1,7.82,46.79,1043,30,1,0.03333333333333333,3.0248033877797924e-4,2.871698113,2.990079365,3.069421023,3.00949094,3.063879756,1.199655024,0.847779215,0.952565761,NA,TRUE,NA,NA,NA,NA,NA,NA,NA,NA,NA,NA,398,109,Alpennordflanke,Bern
3211,1,7.82,46.82,1030,33,0,0,0,3.095238095,2.72,3.78,2.884615385,3.461538462,1.296296296,0.703703704,1,NA,NA,NA,NA,NA,NA,NA,NA,NA,NA,NA,NA,412,109,Alpennordflanke,Bern
3212,1,7.82,46.86,968,38,2,0.05263157894736842,0.06189213085764811,3.433548387,3.033415842,3.030283505,3.047169811,3.277588168,1.318131257,1.052280311,0.629588432,NA,TRUE,TRUE,NA,NA,NA,NA,NA,NA,NA,NA,NA,412,116,Alpennordflanke,Bern
3213,1,7.82,46.9,1011,32,0,0,0,3.34496124,2.860377358,2.800141243,2.730769231,2.797263682,1.389303483,0.859452736,0.751243781,NA,NA,NA,NA,NA,NA,NA,NA,NA,NA,NA,NA,399,116,Alpennordflanke,Bern
3214,1,7.82,46.97,850,40,1,0.025,0.002597402597402599,3.492930591,3,2.688489209,3.003363229,3.043636364,0.859016393,1.279781421,0.861202186,NA,TRUE,NA,NA,NA,NA,NA,NA,NA,NA,NA,NA,413,116,Alpennordflanke,Bern
3215,1,7.82,47.08,777,17,0,0,0,3.451506245,2.999415546,3.027878349,3.000571102,3.998266898,1.487721302,1.272986865,0.239291833,NA,NA,NA,NA,NA,NA,NA,NA,NA,NA,NA,NA,400,110,Mittelland,Bern
3216,1,7.82,47.11,726,19,2,0.10526315789473684,0.11764705882352941,3.3125,3,3.111111111,3.083333333,4.090909091,1,1.583333333,0.416666667,TRUE,TRUE,NA,NA,NA,NA,NA,NA,NA,NA,NA,NA,414,110,Mittelland,Bern
3217,1,7.82,47.15,617,22,2,0.09090909090909091,0.33021515434985976,3.414225941,3,3.443650794,3.032159265,3.934150077,1.293577982,0.74617737,0.960244648,TRUE,TRUE,NA,NA,NA,NA,NA,NA,NA,NA,NA,NA,414,110,Mittelland,Bern
3218,1,7.82,47.18,625,24,1,0.041666666666666664,0.045454545454545456,3.375,2.818181818,2.958333333,2.928571429,2.933333333,1.0625,1,0.9375,NA,TRUE,NA,NA,NA,NA,NA,NA,NA,NA,NA,NA,414,117,Mittelland,Bern
3219,1,7.9,46.57,1772,57,0,0,0,2.353795689,2.964782206,2.993494424,2.163919414,2.251851852,1.048181818,0.279090909,1.672727273,NA,NA,NA,NA,NA,NA,NA,NA,NA,NA,NA,NA,424,115,Alpennordflanke,Bern
3220,1,7.9,46.75,1603,27,0,0,0,2.583034111,2.733393178,4.035008977,3.119140625,3.192998205,1.719928187,0.179533214,1.1005386,NA,NA,NA,NA,NA,NA,NA,NA,NA,NA,NA,NA,425,109,Alpennordflanke,Bern
3221,1,7.9,46.82,1166,41,0,0,0,2.925485961,2.889791183,3.754032258,2.997860963,3.309548793,1.151515152,0.830721003,1.017763845,NA,NA,NA,NA,NA,NA,NA,NA,NA,NA,NA,NA,412,116,Alpennordflanke,Bern
3222,1,7.9,47.33,407,16,1,0.0625,0.0625,3.458333333,2.818181818,3.230769231,3.214285714,3.769230769,1.428571429,0.785714286,0.785714286,NA,NA,NA,NA,NA,NA,NA,NA,NA,NA,NA,NA,415,117,Mittelland,Aargau
3223,1,7.9,47.4,738,27,1,0.037037037037037035,0.037037037037037035,3.333333333,2.923076923,3.09375,3.235294118,3.705882353,1.166666667,1.055555556,0.777777778,TRUE,NA,NA,NA,NA,NA,NA,NA,NA,NA,NA,NA,429,111,Jura,Solothurn
3224,1,7.9,47.47,502,28,2,0.07142857142857142,0.02176165803108809,3.335329341,2.987551867,2.977203647,3.0056926,3.627218935,1.227272727,0.982954545,0.789772727,TRUE,NA,TRUE,NA,NA,NA,NA,NA,NA,NA,NA,NA,416,118,Jura,Basel-Landschaft
3225,1,7.97,46.03,2308,36,0,0,0,1.75,3,2.870967742,2.206896552,2.0625,1.212121212,0.333333333,1.454545455,NA,NA,NA,NA,NA,NA,NA,NA,NA,NA,NA,NA,434,113,Westliche Zentralalpen,Valais
3226,1,7.97,46.1,2302,48,0,0,0,2.015625,3.605263158,2.263157895,2.771428571,2.157894737,1.307692308,0.435897436,1.256410256,NA,NA,NA,NA,NA,NA,NA,NA,NA,NA,NA,NA,434,121,Westliche Zentralalpen,Valais
3227,1,7.97,46.14,2505,46,0,0,0,1.575757576,3.316546763,2.528571429,2,2.055555556,1.180555556,0.201388889,1.618055556,NA,NA,NA,NA,NA,NA,NA,NA,NA,NA,NA,NA,448,121,Westliche Zentralalpen,Valais
3228,1,7.97,46.21,2269,30,0,0,0,1.479166667,2.652173913,3.0625,2.181818182,2.217391304,1.2,0.28,1.52,NA,NA,NA,NA,NA,NA,NA,NA,NA,NA,NA,NA,435,121,Westliche Zentralalpen,Valais
3229,1,7.97,46.25,2205,34,0,0,0,1.568430657,3.262449529,2.641318977,2.036166365,2.006756757,1.02960969,0.30282638,1.66756393,NA,NA,NA,NA,NA,NA,NA,NA,NA,NA,NA,NA,435,114,Westliche Zentralalpen,Valais
3230,1,7.97,46.39,2520,31,0,0,0,1.656849315,3.062755798,2.770252324,2.24863388,2.2,1.347941567,0.240371846,1.411686587,NA,NA,NA,NA,NA,NA,NA,NA,NA,NA,NA,NA,436,122,Westliche Zentralalpen,Valais
3231,1,7.97,46.61,1752,30,0,0,0,2.714783821,2.709809264,4.046132972,1.991596639,2.078911565,1.031165312,0.116531165,1.852303523,NA,NA,NA,NA,NA,NA,NA,NA,NA,NA,NA,NA,451,115,Alpennordflanke,Bern
3232,1,7.98,46.79,1515,36,0,0,0,2.440349544,2.933901919,2.94633973,2.695590327,2.675246026,1.192771084,0.294826364,1.512402551,NA,NA,NA,NA,NA,NA,NA,NA,NA,NA,NA,NA,452,123,Alpennordflanke,Luzern
3233,1,7.98,46.86,1312,33,0,0,0,3.308900524,2.893401015,3.106976744,3.013761468,3.577981651,1.118721461,1.515981735,0.365296804,NA,NA,NA,NA,NA,NA,NA,NA,NA,NA,NA,NA,439,116,Alpennordflanke,Luzern
3235,1,7.98,46.93,772,19,2,0.10526315789473684,0.11764705882352941,3.357142857,3,3.277777778,3.181818182,3.8,1.363636364,1,0.636363636,TRUE,TRUE,NA,NA,NA,NA,NA,NA,NA,NA,NA,NA,453,116,Alpennordflanke,Luzern
3236,1,7.98,46.97,979,23,0,0,0,3.147798742,2.960151803,2.86389414,2.659090909,2.51509434,1.038709677,0.962903226,0.998387097,NA,NA,NA,NA,NA,NA,NA,NA,NA,NA,NA,NA,440,116,Alpennordflanke,Luzern
3237,1,7.98,47.08,739,44,2,0.045454545454545456,0.045454545454545456,3.462962963,2.892857143,3.051724138,3.064516129,3.548387097,1.09375,1.21875,0.6875,NA,TRUE,TRUE,NA,NA,NA,NA,NA,NA,NA,NA,NA,454,124,Mittelland,Luzern
3238,1,7.98,47.26,509,23,1,0.043478260869565216,0.043478260869565216,3.392857143,3.058823529,2.875,3,3.5,0.842105263,1.473684211,0.684210526,TRUE,NA,NA,NA,NA,NA,NA,NA,NA,NA,NA,NA,455,117,Mittelland,Luzern
3239,1,7.98,47.51,519,11,0,0,0,3.499452954,3.018066847,3.014721919,3.036036036,4,1.783783784,1.018918919,0.197297297,NA,NA,NA,NA,NA,NA,NA,NA,NA,NA,NA,NA,443,118,Jura,Aargau
3240,1,8.05,46.39,2124,39,0,0,0,2.153846154,2.9,2.967741935,2.275862069,2.366666667,1.28125,0.5,1.21875,NA,NA,NA,NA,NA,NA,NA,NA,NA,NA,NA,NA,463,122,Westliche Zentralalpen,Valais
3241,1,8.05,46.64,1470,66,0,0,0,2.737456243,3.083238312,3.295454545,3.368486352,2.386845039,1.178294574,0.34662237,1.475083056,NA,NA,NA,NA,NA,NA,NA,NA,NA,NA,NA,NA,451,129,Alpennordflanke,Bern
3242,1,8.05,46.68,2414,48,0,0,0,1.552631579,2.555555556,3.27027027,2.742857143,2.388888889,1.289473684,0.236842105,1.473684211,NA,NA,NA,NA,NA,NA,NA,NA,NA,NA,NA,NA,465,123,Alpennordflanke,Bern
3243,1,8.05,46.72,1742,65,0,0,0,2.636065574,2.836065574,3.464285714,3.491694352,3.074918567,1.356913183,0.578778135,1.064308682,NA,NA,NA,NA,NA,NA,NA,NA,NA,NA,NA,NA,465,123,Alpennordflanke,Bern
3244,1,8.05,46.79,2065,43,0,0,0,1.970588235,2.891891892,2.986842105,2.485714286,2.297297297,1.256410256,0.512820513,1.230769231,NA,NA,NA,NA,NA,NA,NA,NA,NA,NA,NA,NA,452,123,Alpennordflanke,Bern
3245,1,8.05,46.86,1339,41,0,0,0,2.892857143,2.8125,3.451612903,2.451612903,2.617647059,1.5,0.352941176,1.147058824,NA,NA,NA,NA,NA,NA,NA,NA,NA,NA,NA,NA,466,130,Alpennordflanke,Luzern
3246,1,8.06,46.9,1561,48,0,0,0,2.744230769,2.97733711,3.954372624,3.318181818,2.157303371,1.058988764,0.261235955,1.679775281,NA,NA,NA,NA,NA,NA,NA,NA,NA,NA,NA,NA,453,130,Alpennordflanke,Luzern
3248,1,8.06,47.04,817,25,2,0.08,0.08,3.333333333,2.928571429,3.21875,3.117647059,3.705882353,1.166666667,1,0.833333333,TRUE,TRUE,NA,NA,NA,NA,NA,NA,NA,NA,NA,NA,454,124,Alpennordflanke,Luzern
3249,1,8.06,47.08,631,22,2,0.09090909090909091,0.41338582677165353,3.177018634,3.006818182,3.376675603,3.002070393,3.857758621,1.039256198,1.202479339,0.758264463,TRUE,TRUE,NA,NA,NA,NA,NA,NA,NA,NA,NA,NA,454,124,Mittelland,Luzern
3250,1,8.06,47.18,519,17,2,0.11764705882352941,0.004545454545454547,3.727602906,2.776470588,3.051869723,3,3.998823529,1.407058824,1.458823529,0.134117647,TRUE,NA,TRUE,NA,NA,NA,NA,NA,NA,NA,NA,NA,468,131,Mittelland,Luzern
3251,1,8.06,47.22,585,22,2,0.09090909090909091,0.09090909090909091,3.333333333,3,3.038461538,3.142857143,3.8,1.066666667,1.333333333,0.6,TRUE,TRUE,NA,NA,NA,NA,NA,NA,NA,NA,NA,NA,455,131,Mittelland,Luzern
3252,1,8.06,47.47,489,35,2,0.05714285714285714,0.002633311389071759,3.754784689,3.001166861,2.438502674,3.556594949,2.997140133,2.687558466,0.046772685,0.265668849,NA,NA,NA,NA,NA,NA,NA,NA,NA,NA,NA,NA,470,125,Jura,Aargau
3253,1,8.06,47.54,472,43,0,0,0,3.195652174,3.042105263,3.20212766,3.487179487,3.208333333,1.066666667,0.808333333,1.125,NA,NA,NA,NA,NA,NA,NA,NA,NA,NA,NA,NA,457,132,Mittelland,Aargau
3254,1,8.13,46.32,2405,31,0,0,0,1.317763158,2.658944659,3.169871795,2.282216495,2.591494845,1.015384615,0.603846154,1.380769231,NA,NA,NA,NA,NA,NA,NA,NA,NA,NA,NA,NA,476,128,Westliche Zentralalpen,Valais
3255,1,8.13,46.36,2426,38,0,0,0,1.666666667,3.483870968,2.484848485,3.333333333,1.848484848,0.96969697,0.545454545,1.484848485,NA,NA,NA,NA,NA,NA,NA,NA,NA,NA,NA,NA,463,128,Westliche Zentralalpen,Valais
3256,1,8.13,46.39,989,30,1,0.03333333333333333,0.06711409395973152,3.334862385,2.71875,3.197674419,3.194214876,3.735483871,1.546938776,0.804081633,0.648979592,NA,NA,NA,NA,NA,NA,NA,NA,NA,NA,NA,NA,463,122,Westliche Zentralalpen,Valais
3257,1,8.13,46.72,1739,25,0,0,0,2.431818182,2.619047619,3.522727273,3.285714286,3.695652174,1.695652174,0.304347826,1,NA,NA,NA,NA,NA,NA,NA,NA,NA,NA,NA,NA,465,123,Alpennordflanke,Bern
3258,1,8.13,46.79,1232,32,0,0,0,2.982142857,3.071428571,3.203703704,3.538461538,2.551724138,1.448275862,0.310344828,1.24137931,NA,NA,NA,NA,NA,NA,NA,NA,NA,NA,NA,NA,479,123,Alpennordflanke,Obwalden
3259,1,8.14,46.97,1324,71,0,0,0,3.118421053,3.111111111,2.677777778,3.181818182,2.52,1.117647059,0.725490196,1.156862745,NA,NA,NA,NA,NA,NA,NA,NA,NA,NA,NA,NA,467,130,Alpennordflanke,Luzern
3260,1,8.14,47,785,25,0,0,0,3.285714286,2.647058824,3.323529412,2.764705882,3.388888889,1.368421053,0.842105263,0.789473684,NA,NA,NA,NA,NA,NA,NA,NA,NA,NA,NA,NA,467,130,Alpennordflanke,Luzern
3261,1,8.14,47.11,711,24,1,0.041666666666666664,0.05772931366260422,3.474412172,3.002617801,3.202502317,3.036878216,3.674935843,1.159965783,1.024807528,0.815226689,TRUE,NA,NA,NA,NA,NA,NA,NA,NA,NA,NA,NA,481,124,Mittelland,Luzern
3262,1,8.14,47.22,750,39,2,0.05128205128205128,0.02482929857231533,3.376830892,3.002177068,3.00206754,3.016983696,2.97826087,1.204423592,1,0.795576408,TRUE,TRUE,NA,NA,NA,NA,NA,NA,NA,NA,NA,NA,482,131,Mittelland,Luzern
3263,1,8.14,47.25,615,17,2,0.11764705882352941,0.13333333333333333,3.25,3,3,3,3.75,0.888888889,1.333333333,0.777777778,TRUE,TRUE,NA,NA,NA,NA,NA,NA,NA,NA,NA,NA,482,131,Mittelland,Aargau
3264,1,8.14,47.33,538,28,2,0.07142857142857142,0.014857881136950905,3.545751634,2.99889989,3.263157895,3.084315503,3.358159912,1.427017226,0.845874887,0.727107888,TRUE,TRUE,NA,NA,NA,NA,NA,NA,NA,NA,NA,NA,469,125,Mittelland,Aargau
3265,1,8.14,47.43,416,29,2,0.06896551724137931,0.06896551724137931,3.5,3,3.111111111,3.105263158,3.5,1.19047619,0.952380952,0.857142857,NA,NA,TRUE,NA,NA,NA,NA,NA,NA,NA,NA,NA,470,125,Jura,Aargau
3266,1,8.21,46.39,2285,43,0,0,0,1.473684211,2.868421053,3.0125,2.675675676,2.135135135,1.2,0.3,1.5,NA,NA,NA,NA,NA,NA,NA,NA,NA,NA,NA,NA,490,136,Westliche Zentralalpen,Valais
3267,1,8.21,46.68,838,27,0,0,0,3.18445122,2.975546976,3.015441176,3.004171011,3.775862069,1.457291667,1.064583333,0.478125,NA,NA,NA,NA,NA,NA,NA,NA,NA,NA,NA,NA,492,129,Alpennordflanke,Bern
3268,1,8.21,46.75,1501,31,0,0,0,3.05,3,3.333333333,2.772727273,2.652173913,1.086956522,0.652173913,1.260869565,NA,NA,NA,NA,NA,NA,NA,NA,NA,NA,NA,NA,479,137,Alpennordflanke,Bern
3269,1,8.21,47,1014,40,0,0,0,3,2.71875,3.78125,2.84375,3.1875,1.636363636,0.303030303,1.060606061,NA,NA,NA,NA,NA,NA,NA,NA,NA,NA,NA,NA,494,138,Alpennordflanke,Luzern
3270,1,8.21,47.04,527,18,1,0.05555555555555555,0.05555555555555555,3.3125,3,3.272727273,3.083333333,3.666666667,1.153846154,1.076923077,0.769230769,TRUE,NA,NA,NA,NA,NA,NA,NA,NA,NA,NA,NA,494,138,Mittelland,Luzern
3271,1,8.22,47.15,625,14,2,0.14285714285714285,0.07213114754098361,3.284747847,3,3.460051546,3.322651129,3.997784343,1.320232897,0.934497817,0.745269287,TRUE,TRUE,NA,NA,NA,NA,NA,NA,NA,NA,NA,NA,495,131,Mittelland,Luzern
3272,1,8.22,47.47,411,15,1,0.06666666666666667,0.06666666666666667,3,3,3.5,3.25,3.875,1,1.111111111,0.888888889,NA,NA,TRUE,NA,NA,NA,NA,NA,NA,NA,NA,NA,497,132,Mittelland,Aargau
3273,1,8.22,47.51,411,37,3,0.08108108108108109,0.08823529411764706,3.5,3.058823529,3.0625,3.166666667,3.3,1.238095238,1,0.761904762,TRUE,TRUE,TRUE,NA,NA,NA,NA,NA,NA,NA,NA,NA,497,132,Mittelland,Aargau
3274,1,8.22,47.54,369,49,1,0.02040816326530612,0.0026178010471204216,3.307270233,2.970660147,3.583561644,3.396061269,3.813559322,1.414847162,0.876637555,0.708515284,NA,TRUE,NA,NA,NA,NA,NA,NA,NA,NA,NA,NA,484,132,Mittelland,Aargau
3275,1,8.28,46.39,2571,30,0,0,0,1.0983026870000001,1.649717514,3.686440678,2.169731259,2.710042433,1.029661017,0.152542373,1.81779661,NA,NA,NA,NA,NA,NA,NA,NA,NA,NA,NA,NA,490,136,Westliche Zentralalpen,Valais
3276,1,8.28,46.46,2430,38,0,0,0,1.361937452,3.101457097,2.917431193,2.578293737,2.461286805,1.086839266,0.440668824,1.472491909,NA,NA,NA,NA,NA,NA,NA,NA,NA,NA,NA,NA,504,136,Westliche Zentralalpen,Valais
3277,1,8.29,46.75,1803,55,0,0,0,2.765682657,3.227436823,3.064981949,3.702265372,2.570915619,1.948995363,0.353941267,0.697063369,NA,NA,NA,NA,NA,NA,NA,NA,NA,NA,NA,NA,506,137,Alpennordflanke,Bern
3278,1,8.29,46.86,875,39,1,0.02564102564102564,0.02857142857142857,3.428571429,3.086956522,3.108695652,3.185185185,3.615384615,1.148148148,1.111111111,0.740740741,NA,NA,TRUE,NA,NA,NA,NA,NA,NA,NA,NA,NA,493,137,Alpennordflanke,Obwalden
3279,1,8.29,46.89,752,31,1,0.03225806451612903,0.055248618784530364,3.462659381,3,3.014388489,3.004270463,3.921875,1.254623044,1.07254623,0.672830725,TRUE,NA,NA,NA,NA,NA,NA,NA,NA,NA,NA,NA,507,130,Alpennordflanke,Obwalden
3280,1,8.3,47.15,492,25,2,0.08,0.08,3.346153846,3,3.233333333,3.1875,3.764705882,1.176470588,1.117647059,0.705882353,TRUE,TRUE,NA,NA,NA,NA,NA,NA,NA,NA,NA,NA,495,138,Mittelland,Luzern
3281,1,8.3,47.4,365,36,3,0.08333333333333333,0.003516174402250351,3.733333333,3.132875143,2.802281369,3.113459399,3.282954545,1.775555556,0.516666667,0.707777778,NA,NA,TRUE,NA,TRUE,NA,NA,TRUE,NA,NA,NA,NA,510,139,Mittelland,Aargau
3282,1,8.36,46.46,2519,39,0,0,0,1.586206897,3.266666667,2.703125,3.259259259,2.193548387,1.09375,0.53125,1.375,NA,NA,NA,NA,NA,NA,NA,NA,NA,NA,NA,NA,531,136,Westliche Zentralalpen,Valais
3283,1,8.37,46.86,591,26,2,0.07692307692307693,0.019343986543313717,3.31629393,3,3.131701632,3.023957409,3.975961538,1.167256637,1.007964602,0.824778761,TRUE,TRUE,NA,NA,NA,NA,NA,NA,NA,NA,NA,NA,520,144,Alpennordflanke,Nidwalden
3284,1,8.37,46.93,1112,61,1,0.01639344262295082,0.017241379310344827,3.242424242,2.974358974,2.868421053,3.15,2.975609756,1.19047619,0.833333333,0.976190476,TRUE,NA,NA,NA,NA,NA,NA,NA,NA,NA,NA,NA,534,144,Alpennordflanke,Nidwalden
3285,1,8.37,46.97,446,13,1,0.07692307692307693,0.1492537313432836,3.482529118,3,3.094653179,3.019193858,3.980824545,1.182166826,1.355704698,0.462128476,TRUE,NA,NA,NA,NA,NA,NA,NA,NA,NA,NA,NA,521,144,Alpennordflanke,Nidwalden
3286,1,8.37,47,510,22,2,0.09090909090909091,0.09523809523809523,3.454545455,2.916666667,3.107142857,3.133333333,3.6,1.125,1,0.875,TRUE,TRUE,NA,NA,NA,NA,NA,NA,NA,NA,NA,NA,521,138,Alpennordflanke,Nidwalden
3287,1,8.38,47.18,482,16,1,0.0625,0.07692307692307693,3.5,3,3.2,3,3.833333333,1.285714286,1.142857143,0.571428571,TRUE,NA,NA,NA,NA,NA,NA,NA,NA,NA,NA,NA,522,145,Mittelland,Aargau
3288,1,8.38,47.33,400,13,1,0.07692307692307693,8.960573476702511e-4,3.444444444,3,3.236453202,3.001317523,4,1.250329381,1.005270092,0.744400527,NA,NA,TRUE,NA,NA,NA,NA,NA,NA,NA,NA,NA,523,139,Mittelland,Aargau
3289,1,8.38,47.5,457,19,2,0.10526315789473684,0.36715481171548137,3.04,3,3.421568627,3.130434783,3.985915493,1.012345679,1.018518519,0.969135802,TRUE,TRUE,NA,NA,NA,NA,NA,NA,NA,NA,NA,NA,524,146,Mittelland,Zürich
3290,1,8.44,46.57,2726,34,0,0,0,1.533333333,2.733333333,3.05,2.206896552,2.333333333,1.161290323,0.387096774,1.451612903,NA,NA,NA,NA,NA,NA,NA,NA,NA,NA,NA,NA,532,143,Östliche Zentralalpen,Uri
3291,1,8.45,46.82,2027,55,0,0,0,1.876074499,3.409470752,2.487282463,4.076712329,2.176706827,1.538666667,0.208,1.253333333,NA,NA,NA,NA,NA,NA,NA,NA,NA,NA,NA,NA,547,144,Alpennordflanke,Obwalden
3292,1,8.45,46.89,1819,36,0,0,0,2.598692033,2.886438809,3.013215859,1.942668137,2.202643172,1.257425743,0.218921892,1.523652365,NA,NA,NA,NA,NA,NA,NA,NA,NA,NA,NA,NA,534,144,Alpennordflanke,Nidwalden
3293,1,8.45,46.96,674,31,1,0.03225806451612903,0.03571428571428571,3.264705882,2.789473684,3.131578947,2.894736842,3.238095238,1.181818182,0.863636364,0.954545455,NA,TRUE,NA,NA,NA,NA,NA,NA,NA,NA,NA,NA,548,144,Alpennordflanke,Nidwalden
3294,1,8.45,47.07,649,37,3,0.08108108108108109,0.13964262078093975,3.385350318,2.96954933,3.01920966,3.020063358,3.010741139,1.115667718,0.98212408,0.902208202,TRUE,TRUE,TRUE,NA,NA,NA,NA,NA,NA,NA,NA,NA,535,152,Alpennordflanke,Schwyz
3295,1,8.45,47.11,471,19,2,0.10526315789473684,0.11764705882352941,3.5625,2.909090909,3.181818182,3,3.666666667,1.076923077,1.153846154,0.769230769,TRUE,TRUE,NA,NA,NA,NA,NA,NA,NA,NA,NA,NA,535,152,Mittelland,Schwyz
3296,1,8.45,47.14,435,22,2,0.09090909090909091,0.03559435862995299,3.230803177,3,3.599913495,3.474091261,3.992283951,1.31095679,1.016203704,0.672839506,TRUE,TRUE,NA,NA,NA,NA,NA,NA,NA,NA,NA,NA,549,145,Mittelland,Zug
3297,1,8.46,47.32,545,41,2,0.04878048780487805,0.05263157894736844,3.604085603,3.11952862,2.816693944,3.337308348,3.609400324,0.616954474,1.722135008,0.660910518,TRUE,NA,TRUE,NA,NA,NA,NA,NA,NA,NA,NA,NA,550,153,Mittelland,Zürich
3299,1,8.46,47.72,528,36,0,0,0,3.22027972,3.005319149,3.19760479,3.009234828,3.519104084,1.276902887,0.728346457,0.994750656,NA,NA,NA,NA,NA,NA,NA,NA,NA,NA,NA,NA,539,154,Mittelland,Schaffhausen
3300,1,8.52,46.42,1395,53,0,0,0,3.140625,3.485714286,2.364864865,3.487179487,2.41025641,1.525,0.425,1.05,NA,NA,NA,NA,NA,NA,NA,NA,NA,NA,NA,NA,558,150,Alpensüdflanke,Ticino
3301,1,8.52,46.46,2426,49,0,0,0,1.675,3.162790698,2.693181818,2.682926829,2.181818182,1.090909091,0.477272727,1.431818182,NA,NA,NA,NA,NA,NA,NA,NA,NA,NA,NA,NA,558,150,Alpensüdflanke,Ticino
3302,1,8.52,46.5,1939,33,0,0,0,2.133286319,3.142011834,2.86035503,2.00969697,2.112293144,1.273049645,0.088652482,1.638297872,NA,NA,NA,NA,NA,NA,NA,NA,NA,NA,NA,NA,545,150,Alpensüdflanke,Ticino
3303,1,8.53,46.93,1483,64,0,0,0,2.840992647,2.952978056,3.358267717,2.803225806,2.774647887,1.124031008,0.823255814,1.052713178,NA,NA,NA,NA,NA,NA,NA,NA,NA,NA,NA,NA,561,144,Alpennordflanke,Nidwalden
3304,1,8.53,46.96,775,33,3,0.09090909090909091,0.1,3.272727273,3,3.033333333,3.176470588,3.647058824,0.888888889,1.444444444,0.666666667,TRUE,TRUE,TRUE,NA,NA,NA,NA,NA,NA,NA,NA,NA,548,144,Alpennordflanke,Nidwalden
3305,1,8.53,47.07,463,29,3,0.10344827586206896,0.10344827586206896,3.433333333,3.0625,2.911764706,2.95,3.578947368,0.85,1.5,0.65,TRUE,TRUE,TRUE,NA,NA,NA,NA,NA,NA,NA,NA,NA,562,152,Mittelland,Schwyz
3306,1,8.53,47.11,949,30,2,0.06666666666666667,0.01661849710982659,3.421401515,3,3.127747253,3.037002775,3.986123959,1.344232516,1.024523161,0.631244323,TRUE,TRUE,NA,NA,NA,NA,NA,NA,NA,NA,NA,NA,562,152,Mittelland,Zug
3307,1,8.53,47.14,926,54,2,0.037037037037037035,0.038461538461538464,3.383333333,3,3.078125,3.2,3.305555556,1.297297297,0.864864865,0.837837838,TRUE,TRUE,NA,NA,NA,NA,NA,NA,NA,NA,NA,NA,549,152,Mittelland,Zug
3308,1,8.53,47.18,462,16,1,0.0625,0.1465798045602606,3.455696203,3,3.245644599,3.105263158,4.010344828,1.426315789,0.952631579,0.621052632,TRUE,NA,NA,NA,NA,NA,NA,NA,NA,NA,NA,NA,549,145,Mittelland,Zug
3309,1,8.6,46.53,1299,45,0,0,0,3.183486239,3.133144476,2.758490566,3.018442623,3.350877193,1.333333333,0.848670757,0.81799591,NA,NA,NA,NA,NA,NA,NA,NA,NA,NA,NA,NA,572,150,Alpensüdflanke,Ticino
3310,1,8.6,46.57,2397,28,0,0,0,1.840909091,2.958333333,3.020833333,2.363636364,2.208333333,1.125,0.458333333,1.416666667,NA,NA,NA,NA,NA,NA,NA,NA,NA,NA,NA,NA,572,157,Alpensüdflanke,Ticino
3311,1,8.61,46.86,1311,58,0,0,0,3,2.743589744,3.355263158,3.097560976,3.073170732,1.523809524,0.5,0.976190476,NA,NA,NA,NA,NA,NA,NA,NA,NA,NA,NA,NA,574,158,Alpennordflanke,Uri
3312,1,8.61,46.89,435,32,0,0,0,2.962569832,2.954292085,4.431514477,2.704207921,2.409799555,1.232739421,0.057906459,1.70935412,NA,NA,NA,NA,NA,NA,NA,NA,NA,NA,NA,NA,561,158,Alpennordflanke,Uri
3313,1,8.61,47.07,828,32,1,0.03125,0.13980868285504053,3.278688525,3,3.199609883,3.024948025,3.703125,1.208722741,0.908618899,0.882658359,TRUE,NA,NA,NA,NA,NA,NA,NA,NA,NA,NA,NA,562,152,Alpennordflanke,Schwyz
3314,1,8.61,47.14,850,27,2,0.07407407407407407,0.5519421860885277,3.307377049,3,3.12055336,3.063535912,3.489795918,1.165289256,1.008264463,0.826446281,TRUE,TRUE,NA,NA,NA,NA,NA,NA,NA,NA,NA,NA,576,152,Alpennordflanke,Zug
3315,1,8.61,47.18,739,26,2,0.07692307692307693,0.08333333333333333,3.4,3,3.192307692,3.066666667,3.6,1.125,1.1875,0.6875,TRUE,TRUE,NA,NA,NA,NA,NA,NA,NA,NA,NA,NA,576,159,Mittelland,Zug
3316,1,8.61,47.21,664,48,0,0,0,3.275862069,2.8,3.53125,3,3.323529412,1.411764706,0.588235294,1,NA,NA,NA,NA,NA,NA,NA,NA,NA,NA,NA,NA,563,159,Mittelland,Zürich
3317,1,8.61,47.25,430,42,2,0.047619047619047616,0.14489489489489493,3.336038961,2.972665148,3.504570384,3.254716981,3.937784522,1.38869258,0.928150766,0.683156655,TRUE,TRUE,NA,NA,NA,NA,NA,NA,NA,NA,NA,NA,563,159,Mittelland,Zürich
3318,1,8.63,47.75,675,47,0,0,0,3.464028777,3.848648649,2.116352201,3.887700535,2.673796791,1.047368421,0.915789474,1.036842105,NA,NA,NA,NA,NA,NA,NA,NA,NA,NA,NA,NA,580,154,Jura,Schaffhausen
3319,1,8.68,46.53,1714,61,0,0,0,2.558823529,3,3.243902439,3.15,2.813953488,1.340909091,0.590909091,1.068181818,NA,NA,NA,NA,NA,NA,NA,NA,NA,NA,NA,NA,572,157,Alpensüdflanke,Ticino
3320,1,8.68,46.64,2137,36,0,0,0,2.087719298,2.881595882,3.396529563,1.481912145,2.050128535,1.763799743,0.062901155,1.173299101,NA,NA,NA,NA,NA,NA,NA,NA,NA,NA,NA,NA,586,157,Östliche Zentralalpen,Graubünden
3321,1,8.68,46.67,2478,29,0,0,0,1.5,2.423076923,3.346153846,2.461538462,2.44,1.230769231,0.307692308,1.461538462,NA,NA,NA,NA,NA,NA,NA,NA,NA,NA,NA,NA,573,157,Östliche Zentralalpen,Graubünden
3322,1,8.68,46.85,1250,35,0,0,0,3.157894737,3,3.136363636,3.086956522,3.652173913,1.25,1.041666667,0.708333333,NA,NA,NA,NA,NA,NA,NA,NA,NA,NA,NA,NA,574,158,Alpennordflanke,Uri
3323,1,8.69,46.93,1948,50,0,0,0,1.811331776,2.394067797,3.209241952,2.681818182,2.505274262,1.314109166,0.508753862,1.177136972,NA,NA,NA,NA,NA,NA,NA,NA,NA,NA,NA,NA,588,158,Alpennordflanke,Uri
3324,1,8.69,46.96,1661,33,0,0,0,2.55,2.681818182,3.545454545,2.761904762,3.136363636,1.260869565,0.565217391,1.173913043,NA,NA,NA,NA,NA,NA,NA,NA,NA,NA,NA,NA,588,158,Alpennordflanke,Schwyz
3325,1,8.69,47.03,1385,53,0,0,0,2.763888889,2.735294118,3.347222222,3,3.459459459,1.358974359,0.58974359,1.051282051,NA,NA,NA,NA,NA,NA,NA,NA,NA,NA,NA,NA,589,152,Alpennordflanke,Schwyz
3326,1,8.69,47.21,527,31,2,0.06451612903225806,0.06666666666666667,3.34375,2.875,3.289473684,3.05,3.75,1.285714286,1,0.714285714,TRUE,TRUE,NA,NA,NA,NA,NA,NA,NA,NA,NA,NA,590,159,Mittelland,Zürich
3327,1,8.7,47.39,509,27,0,0,0,3.375,3.052631579,3.157894737,3.333333333,3.428571429,1.090909091,1.090909091,0.818181818,NA,NA,NA,NA,NA,NA,NA,NA,NA,NA,NA,NA,591,153,Mittelland,Zürich
3328,1,8.7,47.5,517,33,3,0.09090909090909091,0.09090909090909091,3.352941176,3.055555556,3.052631579,3.3,3.6,1.095238095,1.095238095,0.80952381,TRUE,TRUE,TRUE,NA,NA,NA,NA,NA,NA,NA,NA,NA,592,160,Mittelland,Zürich
3329,1,8.7,47.54,420,41,3,0.07317073170731707,0.032699619771863135,3.509825328,3.08773679,3.002295684,3.257399103,3.848158131,1.296594982,1.080645161,0.622759857,TRUE,TRUE,TRUE,NA,NA,NA,NA,NA,NA,NA,NA,NA,592,160,Mittelland,Zürich
3330,1,8.75,46.39,1604,22,0,0,0,2.411764706,2.842105263,3.157894737,2.105263158,2.473684211,1.421052632,0.263157895,1.315789474,NA,NA,NA,NA,NA,NA,NA,NA,NA,NA,NA,NA,598,164,Alpensüdflanke,Ticino
3331,1,8.75,46.42,2422,22,0,0,0,2.189473684,2.991631799,2.911087866,2.050209205,1.976987448,1.018828452,0.060669456,1.920502092,NA,NA,NA,NA,NA,NA,NA,NA,NA,NA,NA,NA,612,164,Alpensüdflanke,Ticino
3332,1,8.76,46.57,2300,31,0,0,0,1.92,2.84,3.134615385,2.28,2.076923077,1.111111111,0.333333333,1.555555556,NA,NA,NA,NA,NA,NA,NA,NA,NA,NA,NA,NA,599,157,Alpensüdflanke,Ticino
3333,1,8.76,46.67,1349,25,0,0,0,3.259803922,2.944513716,3.218727915,2.998753117,3.932087227,1.647352025,0.803738318,0.548909657,NA,NA,NA,NA,NA,NA,NA,NA,NA,NA,NA,NA,600,157,Östliche Zentralalpen,Graubünden
3334,1,8.77,46.96,1238,66,0,0,0,2.832669323,2.53125,3.647988506,3.028735632,3.540669856,1.767605634,0.309859155,0.922535211,NA,NA,NA,NA,NA,NA,NA,NA,NA,NA,NA,NA,602,158,Alpennordflanke,Schwyz
3335,1,8.77,47.11,989,29,1,0.034482758620689655,0.23825731790333565,3.17535545,2.89479638,3.452348066,3.000931966,3.678139535,1.335813953,0.72,0.944186047,TRUE,NA,NA,NA,NA,NA,NA,NA,NA,NA,NA,NA,603,166,Alpennordflanke,Schwyz
3336,1,8.77,47.29,505,30,2,0.06666666666666667,0.027058823529411767,3.305555556,3,3.061185468,3.238562092,3.55143339,1.163132137,1.065252855,0.771615008,TRUE,TRUE,NA,NA,NA,NA,NA,NA,NA,NA,NA,NA,604,159,Mittelland,Zürich
3337,1,8.77,47.32,537,28,3,0.10714285714285714,0.2583565459610028,3.450226244,2.998931624,3.360070258,2.982702703,3.848677249,1.103703704,1.003174603,0.893121693,TRUE,TRUE,TRUE,NA,NA,NA,NA,NA,NA,NA,NA,NA,604,167,Mittelland,Zürich
3338,1,8.78,47.5,481,32,1,0.03125,0.08159564823209432,3.334879406,3,3.029357798,3.009160305,3.611285266,1.320668693,0.854103343,0.825227964,NA,TRUE,NA,NA,NA,NA,NA,NA,NA,NA,NA,NA,605,160,Mittelland,Zürich
3339,1,8.78,47.72,415,20,3,0.15,0.15,3.5,3,3,3.166666667,4,0.916666667,1.75,0.333333333,TRUE,NA,NA,NA,NA,NA,NA,NA,NA,NA,NA,NA,620,168,Jura,Schaffhausen
3340,1,8.84,46.67,1628,42,0,0,0,2.764705882,3.05,3.075,2.9,3.272727273,1.217391304,0.869565217,0.913043478,NA,NA,NA,NA,NA,NA,NA,NA,NA,NA,NA,NA,627,165,Östliche Zentralalpen,Graubünden
3341,1,8.85,47,1588,37,0,0,0,2.991803279,2.731428571,3.065395095,2.782135076,3.722100656,1.217391304,1.026086957,0.756521739,NA,NA,NA,NA,NA,NA,NA,NA,NA,NA,NA,NA,629,166,Alpennordflanke,Schwyz
3342,1,8.85,47.07,914,43,1,0.023255813953488372,0.014064697609001402,3.084695394,2.987671233,3.204367301,3.108078603,3.623362445,1.35042735,0.86965812,0.77991453,NA,TRUE,NA,NA,NA,NA,NA,NA,NA,NA,NA,NA,616,166,Alpennordflanke,Schwyz
3343,1,8.85,47.18,580,16,1,0.0625,0.29142381348875945,3.495505618,2.998154982,3.093345656,3.004115226,3.82103321,1.482240437,0.99726776,0.520491803,TRUE,NA,NA,NA,NA,NA,NA,NA,NA,NA,NA,NA,630,173,Alpennordflanke,Schwyz
3344,1,8.85,47.28,591,19,2,0.10526315789473684,0.10526315789473684,3.4,3,3.125,3.153846154,3.692307692,1.214285714,1.071428571,0.714285714,TRUE,TRUE,NA,NA,NA,NA,NA,NA,NA,NA,NA,NA,631,167,Mittelland,Zürich
3345,1,8.85,47.32,791,37,1,0.02702702702702703,0.004054054054054054,3.335714286,2.954741379,3.191796009,3.152866242,3.475583864,0.735169492,1.319915254,0.944915254,NA,TRUE,NA,NA,NA,NA,NA,NA,NA,NA,NA,NA,631,167,Mittelland,Zürich
3346,1,8.86,47.54,478,44,0,0,0,3.426336375,2.979591837,3.25549806,3.192425793,3.139418255,1.13,0.875,0.995,NA,NA,NA,NA,NA,NA,NA,NA,NA,NA,NA,NA,619,174,Mittelland,Thurgau
3347,1,8.86,47.61,440,18,2,0.1111111111111111,0.5062137531068768,3.478043912,3,3.255067568,3.005067568,3.522765599,1.323777403,1.037099494,0.639123103,TRUE,TRUE,NA,NA,NA,NA,NA,NA,NA,NA,NA,NA,633,168,Mittelland,Thurgau
3348,1,8.91,46.56,1720,66,0.09,0.0013636363636363635,2.6341463414634184e-4,2.529896907,3.349480969,2.518072289,3.009041591,2.174657534,1.457627119,0.483050847,1.059322034,NA,NA,NA,NA,NA,NA,NA,NA,NA,NA,NA,NA,640,171,Alpensüdflanke,Ticino
3349,1,8.92,46.92,2023,32,0,0,0,1.824618736,2.630102041,3.216804979,3.190231362,2.696428571,1.587136929,0.213692946,1.199170124,NA,NA,NA,NA,NA,NA,NA,NA,NA,NA,NA,NA,642,172,Alpennordflanke,Schwyz
3350,1,8.92,46.96,2069,41,0,0,0,1.64516129,3.258064516,2.859375,3.34375,2.060606061,1.058823529,0.411764706,1.529411765,NA,NA,NA,NA,NA,NA,NA,NA,NA,NA,NA,NA,629,172,Alpennordflanke,Schwyz
3351,1,8.93,47.1,1067,46,0,0,0,3.26240458,2.87955626,3.076547231,3.057795699,3.262195122,1.266756032,0.993297587,0.739946381,NA,NA,NA,NA,NA,NA,NA,NA,NA,NA,NA,NA,643,166,Alpennordflanke,Schwyz
3352,1,8.93,47.18,424,23,2,0.08695652173913043,0.20336037079953645,3.339052288,3,3.31865285,3.005119454,3.96017316,1.325106383,0.917446809,0.757446809,TRUE,NA,TRUE,NA,NA,NA,NA,NA,NA,NA,NA,NA,630,173,Alpennordflanke,Schwyz
3353,1,8.93,47.25,583,38,1,0.02631578947368421,0.02631578947368421,3.363636364,2.869565217,3.2,3.153846154,3.5,1.148148148,1.037037037,0.814814815,TRUE,NA,NA,NA,NA,NA,NA,NA,NA,NA,NA,NA,644,173,Mittelland,St. Gallen
3354,1,8.93,47.28,826,30,1,0.03333333333333333,0.012300123001230009,3.385135135,2.998109641,3.088963964,3.019524618,3.358998145,1.127760252,0.944006309,0.928233438,NA,TRUE,NA,NA,NA,NA,NA,NA,NA,NA,NA,NA,631,173,Alpennordflanke,Zürich
3355,1,8.93,47.32,940,34,1,0.029411764705882353,0.030303030303030304,3.277777778,2.9,3.227272727,3.136363636,3.652173913,1.208333333,0.958333333,0.833333333,NA,TRUE,NA,NA,NA,NA,NA,NA,NA,NA,NA,NA,631,167,Alpennordflanke,Zürich
3356,1,8.94,47.43,674,39,2,0.05128205128205128,0.05128205128205128,3.369565217,3.043478261,3.019230769,3.259259259,3.62962963,1.178571429,1.035714286,0.785714286,NA,TRUE,NA,TRUE,NA,NA,NA,NA,NA,NA,NA,NA,632,167,Mittelland,Thurgau
3357,1,8.94,47.46,565,22,2,0.09090909090909091,0.30619345859429364,3.223765432,3,3.47098646,3.14231738,3.961810467,1.120451694,1.112923463,0.766624843,TRUE,TRUE,NA,NA,NA,NA,NA,NA,NA,NA,NA,NA,632,174,Mittelland,Thurgau
3358,1,8.94,47.61,479,26,3,0.11538461538461539,0.12,3.392857143,3,3.21875,3.176470588,3.647058824,1.222222222,0.944444444,0.833333333,TRUE,TRUE,TRUE,NA,NA,NA,NA,NA,NA,NA,NA,NA,633,174,Mittelland,Thurgau
3359,1,8.97,45.84,385,41,3,0.07317073170731707,0.07894736842105263,3.5,3.083333333,2.909090909,3.12,3.24,0.923076923,1.192307692,0.884615385,NA,NA,NA,NA,TRUE,NA,NA,TRUE,NA,NA,NA,NA,635,176,Alpensüdflanke,Ticino
3360,1,8.98,46.17,212,34,6,0.17647058823529413,0.025223331581713075,3.754874652,3.068493151,2.926388889,3.009549795,3.84109589,0.893587995,1.463847203,0.642564802,NA,NA,TRUE,NA,TRUE,TRUE,NA,TRUE,NA,NA,NA,NA,651,177,Alpensüdflanke,Ticino
3361,1,8.99,46.53,1858,74,0,0,0,2.207472178,3.088921283,2.874090247,2.505460218,2.725146199,1.739130435,0.136231884,1.124637681,NA,NA,NA,NA,NA,NA,NA,NA,NA,NA,NA,NA,653,171,Alpensüdflanke,Ticino
3362,1,8.99,46.6,2347,38,0,0,0,1.51369863,2.771653543,3.047348485,2.176237624,2.181102362,1.627118644,0.092278719,1.280602637,NA,NA,NA,NA,NA,NA,NA,NA,NA,NA,NA,NA,640,171,Alpensüdflanke,Ticino
3363,1,8.99,46.71,2146,33,0,0,0,1.703846154,2.751633987,3.169871795,2.013333333,2.320261438,1.576923077,0.192307692,1.230769231,NA,NA,NA,NA,NA,NA,NA,NA,NA,NA,NA,NA,654,179,Östliche Zentralalpen,Graubünden
3364,1,9,47.03,949,40,0,0,0,3.258802817,2.977777778,3.367228662,3.185475957,3.750479846,1.114832536,1.082296651,0.802870813,NA,NA,NA,NA,NA,NA,NA,NA,NA,NA,NA,NA,656,180,Alpennordflanke,Glarus
3365,1,9.01,47.07,1806,55,0,0,0,1.8728223,2.811860941,3.161912752,3.374340949,2.598275862,1.47,0.216666667,1.313333333,NA,NA,NA,NA,NA,NA,NA,NA,NA,NA,NA,NA,643,180,Alpennordflanke,Glarus
3366,1,9.01,47.17,417,16,1,0.0625,0.0625,3.25,2.909090909,3.041666667,3.076923077,3.846153846,1.071428571,1.285714286,0.642857143,TRUE,NA,NA,NA,NA,NA,NA,NA,NA,NA,NA,NA,657,173,Alpennordflanke,St. Gallen
3367,1,9.01,47.21,413,9,1,0.1111111111111111,0.20697811945594324,3.167896679,3,3.354267311,3,4.001029866,1.091826438,1.090817356,0.817356206,TRUE,NA,NA,NA,NA,NA,NA,NA,NA,NA,NA,NA,644,173,Alpennordflanke,St. Gallen
3368,1,9.01,47.28,1116,63,0,0,0,3.027027027,2.976744186,2.988636364,3,2.893617021,1.25,0.770833333,0.979166667,NA,NA,NA,NA,NA,NA,NA,NA,NA,NA,NA,NA,658,173,Alpennordflanke,St. Gallen
3369,1,9.01,47.32,811,47,0,0,0,3.434022258,2.994428969,3.150746269,3.25831202,3.887287025,1.509578544,0.979565773,0.510855683,NA,NA,NA,NA,NA,NA,NA,NA,NA,NA,NA,NA,658,181,Alpennordflanke,St. Gallen
3370,1,9.01,47.35,855,35,1,0.02857142857142857,0.02857142857142857,3.375,2.947368421,3.166666667,3.181818182,3.454545455,1.260869565,0.956521739,0.782608696,TRUE,NA,NA,NA,NA,NA,NA,NA,NA,NA,NA,NA,645,181,Alpennordflanke,St. Gallen
3371,1,9.01,47.39,778,18,1,0.05555555555555555,0.05555555555555555,3.388888889,3,3.166666667,3.076923077,3.615384615,1.142857143,1.071428571,0.785714286,TRUE,NA,NA,NA,NA,NA,NA,NA,NA,NA,NA,NA,645,181,Mittelland,St. Gallen
3372,1,9.02,47.43,693,35,2,0.05714285714285714,0.019444444444444462,3.448689956,3,3.258939581,3.026444662,3.990039841,1.348632813,1.02734375,0.624023438,TRUE,NA,TRUE,NA,NA,NA,NA,NA,NA,NA,NA,NA,659,181,Mittelland,St. Gallen
3373,1,9.02,47.5,541,17,1,0.058823529411764705,0.04582484725050917,3.458064516,2.528965891,3.246178344,3.012412304,4.471351351,1.613059903,1.257420399,0.129519698,TRUE,NA,NA,NA,NA,NA,NA,NA,NA,NA,NA,NA,659,174,Mittelland,Thurgau
3374,1,9.02,47.53,486,37,2,0.05405405405405406,0.05555555555555555,3.45,2.952380952,3.071428571,3.166666667,3.708333333,1.08,1.32,0.6,NA,TRUE,TRUE,NA,NA,NA,NA,NA,NA,NA,NA,NA,646,174,Mittelland,Thurgau
3375,1,9.06,46.13,1939,46,0,0,0,2.075757576,3.378378378,2.473684211,2.647058824,2.243243243,1.315789474,0.342105263,1.342105263,NA,NA,NA,NA,NA,NA,NA,NA,NA,NA,NA,NA,664,177,Alpensüdflanke,Ticino
3376,1,9.06,46.27,2132,33,0,0,0,1.591219512,2.114474929,3.379375591,2.029439696,2.867172676,1.136792453,0.848113208,1.01509434,NA,NA,NA,NA,NA,NA,NA,NA,NA,NA,NA,NA,665,170,Alpensüdflanke,Ticino
3377,1,9.07,46.45,2088,28,0,0,0,2.187254902,3.01372549,2.904901961,2.031434185,2.034482759,1.074074074,0.105263158,1.820662768,NA,NA,NA,NA,NA,NA,NA,NA,NA,NA,NA,NA,666,178,Alpensüdflanke,Ticino
3378,1,9.07,46.56,2222,30,0,0,0,2.19047619,2.997590361,3.374698795,1.499395405,2.025210084,1.603841537,0.049219688,1.346938776,NA,NA,NA,NA,NA,NA,NA,NA,NA,NA,NA,NA,667,171,Östliche Zentralalpen,Graubünden
3379,1,9.07,46.63,1859,50,0,0,0,1.940504808,3.789786223,2.211515864,3.873659118,2.068396226,1.795534665,0.038777908,1.165687427,NA,NA,NA,NA,NA,NA,NA,NA,NA,NA,NA,NA,667,171,Östliche Zentralalpen,Graubünden
3380,1,9.07,46.71,2229,28,0,0,0,1.833333333,2.92,2.92,2,2,1.192307692,0.307692308,1.5,NA,NA,NA,NA,NA,NA,NA,NA,NA,NA,NA,NA,668,179,Östliche Zentralalpen,Graubünden
3381,1,9.08,46.81,1841,48,0,0,0,2.439914163,3.528828829,2.447463768,2.224231465,2.023423423,1.912848158,0.044025157,1.043126685,NA,NA,NA,NA,NA,NA,NA,NA,NA,NA,NA,NA,655,179,Östliche Zentralalpen,Graubünden
3382,1,9.08,46.89,2109,45,0,0,0,1.516649324,2.61971831,3.129100529,3.067774936,2.54011976,1.237603306,0.490702479,1.271694215,NA,NA,NA,NA,NA,NA,NA,NA,NA,NA,NA,NA,669,172,Alpennordflanke,Glarus
3383,1,9.08,46.99,562,32,0,0,0,3.068158169,2.610619469,3.025719268,2.674479167,2.889852559,1.365051903,0.636678201,0.998269896,NA,NA,NA,NA,NA,NA,NA,NA,NA,NA,NA,NA,656,180,Alpennordflanke,Glarus
3384,1,9.08,47.03,481,35,1,0.02857142857142857,0.02857142857142857,3.333333333,2.9,3.071428571,3.043478261,3.347826087,1.208333333,0.958333333,0.833333333,NA,TRUE,NA,NA,NA,NA,NA,NA,NA,NA,NA,NA,670,180,Alpennordflanke,Glarus
3385,1,9.09,47.14,502,46,1,0.021739130434782608,0.022222222222222223,3.5,3.035714286,2.857142857,3.258064516,3.09375,1.181818182,0.909090909,0.909090909,NA,NA,TRUE,NA,NA,NA,NA,NA,NA,NA,NA,NA,657,180,Alpennordflanke,St. Gallen
3386,1,9.09,47.25,1157,35,0,0,0,2.579457364,2.818009479,3.086729858,1.875816993,2.36492891,1.802843602,0.08056872,1.116587678,NA,NA,NA,NA,NA,NA,NA,NA,NA,NA,NA,NA,671,173,Alpennordflanke,St. Gallen
3387,1,9.09,47.35,738,21,3,0.14285714285714285,0.14791987673343612,3.462745098,3.002347418,3.038043478,3.045064378,3.993562232,1.447537473,1.004282655,0.548179872,TRUE,TRUE,TRUE,NA,NA,NA,NA,NA,NA,NA,NA,NA,672,181,Alpennordflanke,St. Gallen
3388,1,9.1,47.53,548,33,2,0.06060606060606061,0.01734539969834088,3.477843427,2.997109827,3.127880184,3.010387158,3.983002833,1.593396226,0.98490566,0.421698113,TRUE,TRUE,NA,NA,NA,NA,NA,NA,NA,NA,NA,NA,673,174,Mittelland,Thurgau
3389,1,9.1,47.64,556,19,1,0.05263157894736842,0.001536885245901639,3.455896928,3.000829876,3.088602329,3.00304878,3.981467181,1.675285171,0.989353612,0.335361217,TRUE,NA,NA,NA,NA,NA,NA,NA,NA,NA,NA,NA,674,182,Mittelland,Thurgau
3390,1,9.14,46.45,2482,24,0,0,0,1.318181818,2.454545455,3.318181818,2.272727273,2.272727273,1.090909091,0.272727273,1.636363636,NA,NA,NA,NA,NA,NA,NA,NA,NA,NA,NA,NA,693,178,Alpensüdflanke,Graubünden
3391,1,9.14,46.49,2502,22,0,0,0,1.132850242,1.724637681,3.536231884,2.171568627,2.304347826,1.053140097,0.086956522,1.859903382,NA,NA,NA,NA,NA,NA,NA,NA,NA,NA,NA,NA,680,178,Östliche Zentralalpen,Graubünden
3392,1,9.15,46.56,2720,24,0,0,0,1.3,2.523809524,3.238095238,2.15,2.227272727,1.136363636,0.454545455,1.409090909,NA,NA,NA,NA,NA,NA,NA,NA,NA,NA,NA,NA,680,185,Östliche Zentralalpen,Graubünden
3393,1,9.15,46.67,1738,37,0,0,0,2.714506173,3,3.145953757,2.671597633,2.828337875,1.289189189,0.697297297,1.013513514,NA,NA,NA,NA,NA,NA,NA,NA,NA,NA,NA,NA,681,185,Östliche Zentralalpen,Graubünden
3394,1,9.15,46.74,1948,46,0,0,0,2.272727273,2.742857143,3.3,2.628571429,2.666666667,1.216216216,0.567567568,1.216216216,NA,NA,NA,NA,NA,NA,NA,NA,NA,NA,NA,NA,695,179,Östliche Zentralalpen,Graubünden
3395,1,9.16,46.85,2087,49,0,0,0,2.352534562,2.743047831,2.839444444,1.63575419,2.002222222,1.033333333,0.155555556,1.811111111,NA,NA,NA,NA,NA,NA,NA,NA,NA,NA,NA,NA,682,186,Östliche Zentralalpen,Graubünden
3396,1,9.16,46.92,1373,36,1,0.027777777777777776,0.04331087584215591,3.015743073,3.017969452,3.167410714,3.182733813,3.699100572,1.439787092,0.677312043,0.882900865,TRUE,NA,NA,NA,NA,NA,NA,NA,NA,NA,NA,NA,696,186,Alpennordflanke,Glarus
3397,1,9.17,47.21,1081,62,0,0,0,3.066801619,3.136,3.045816733,3.108108108,3.379194631,1.151919866,0.959933222,0.888146912,NA,NA,NA,NA,NA,NA,NA,NA,NA,NA,NA,NA,698,187,Alpennordflanke,St. Gallen
3398,1,9.17,47.28,1101,28,0,0,0,3.2,2.833333333,3.194444444,3,3.473684211,1.1,1.1,0.8,NA,NA,NA,NA,NA,NA,NA,NA,NA,NA,NA,NA,685,187,Alpennordflanke,St. Gallen
3399,1,9.17,47.32,752,30,0,0,0,3.360839844,3,3.120535714,3.004580153,3.648854962,1.414318355,0.734196497,0.851485149,NA,NA,NA,NA,NA,NA,NA,NA,NA,NA,NA,NA,685,181,Alpennordflanke,St. Gallen
3400,1,9.17,47.35,909,36,0,0,0,3.261904762,2.956521739,3.173913043,3.041666667,3.230769231,1.148148148,0.888888889,0.962962963,NA,NA,NA,NA,NA,NA,NA,NA,NA,NA,NA,NA,699,181,Alpennordflanke,St. Gallen
3401,1,9.17,47.42,590,36,1,0.027777777777777776,0.027777777777777776,3.315789474,2.857142857,3.295454545,3.12,3.36,1.307692308,0.730769231,0.961538462,NA,TRUE,NA,NA,NA,NA,NA,NA,NA,NA,NA,NA,686,181,Mittelland,St. Gallen
3402,1,9.18,47.57,473,19,2,0.10526315789473684,0.05744286596664607,3.446241675,3,3.146537842,3.014664804,3.985335196,1.635031403,1.05094208,0.314026518,TRUE,TRUE,NA,NA,NA,NA,NA,NA,NA,NA,NA,NA,687,188,Mittelland,Thurgau
3403,1,9.22,46.34,492,39,3,0.07692307692307693,0.049696969696969726,3.524154589,3.043307087,3.009592326,3.308464849,3.898039216,1.057142857,1.178571429,0.764285714,NA,NA,TRUE,NA,TRUE,NA,NA,TRUE,NA,NA,NA,NA,706,184,Alpensüdflanke,Graubünden
3404,1,9.23,46.56,2471,40,0,0,0,1.540540541,3.027777778,2.77027027,2.085714286,2.054054054,1.131578947,0.263157895,1.605263158,NA,NA,NA,NA,NA,NA,NA,NA,NA,NA,NA,NA,694,185,Östliche Zentralalpen,Graubünden
3405,1,9.23,46.6,2456,35,0,0,0,1.482758621,3,2.793103448,2.222222222,2.103448276,1.133333333,0.3,1.566666667,NA,NA,NA,NA,NA,NA,NA,NA,NA,NA,NA,NA,694,185,Östliche Zentralalpen,Graubünden
3406,1,9.23,46.67,2333,44,0,0,0,1.964285714,3.382352941,2.571428571,3.066666667,2.285714286,1.333333333,0.361111111,1.305555556,NA,NA,NA,NA,NA,NA,NA,NA,NA,NA,NA,NA,708,185,Östliche Zentralalpen,Graubünden
3407,1,9.23,46.7,1371,59,0,0,0,2.986817326,3.005641749,2.895659432,3.288065844,3.163934426,1.238031915,0.775265957,0.986702128,NA,NA,NA,NA,NA,NA,NA,NA,NA,NA,NA,NA,708,193,Östliche Zentralalpen,Graubünden
3408,1,9.23,46.81,1480,23,0,0,0,3.416977612,3.001256281,3.188337802,3.003504673,3.942583732,1.260514019,0.867990654,0.871495327,NA,NA,NA,NA,NA,NA,NA,NA,NA,NA,NA,NA,709,186,Östliche Zentralalpen,Graubünden
3409,1,9.24,46.88,2244,43,0,0,0,1.54950495,3.063545151,2.745259166,3.859872611,2.071428571,1.05398773,0.120245399,1.825766871,NA,NA,NA,NA,NA,NA,NA,NA,NA,NA,NA,NA,696,186,Östliche Zentralalpen,Graubünden
3410,1,9.24,46.99,1996,59,0,0,0,2.006564551,2.272921109,3.254797441,2.529661017,2.863539446,1.781052632,0.134736842,1.084210526,NA,NA,NA,NA,NA,NA,NA,NA,NA,NA,NA,NA,710,186,Alpennordflanke,Glarus
3411,1,9.24,47.03,2263,23,0,0,0,1.421052632,2.736842105,3.025,2.333333333,2.388888889,1.2,0.45,1.35,NA,NA,NA,NA,NA,NA,NA,NA,NA,NA,NA,NA,697,194,Alpennordflanke,St. Gallen
3412,1,9.24,47.06,1929,17,0,0,0,2.632372215,2.752604167,3.6171875,1.997395833,1.75390625,1.009114583,0.029947917,1.9609375,NA,NA,NA,NA,NA,NA,NA,NA,NA,NA,NA,NA,697,194,Alpennordflanke,St. Gallen
3413,1,9.25,47.21,1550,51,0,0,0,2.666666667,2.947368421,3.105263158,3.324324324,2.868421053,1.65,0.425,0.925,NA,NA,NA,NA,NA,NA,NA,NA,NA,NA,NA,NA,698,187,Alpennordflanke,St. Gallen
3414,1,9.25,47.24,989,26,0,0,0,3.022222222,2.791666667,3.673913043,3.244897959,3.673469388,1.244897959,0.857142857,0.897959184,NA,NA,NA,NA,NA,NA,NA,NA,NA,NA,NA,NA,698,187,Alpennordflanke,St. Gallen
3415,1,9.25,47.28,1334,55,0,0,0,2.634615385,2.935483871,3.2,2.733333333,2.818181818,1.294117647,0.647058824,1.058823529,NA,NA,NA,NA,NA,NA,NA,NA,NA,NA,NA,NA,712,187,Alpennordflanke,Appenzell Ausserrhoden
3416,1,9.25,47.31,1054,34,0,0,0,3.261904762,2.875,3.229166667,2.961538462,3.346153846,1.185185185,1,0.814814815,NA,NA,NA,NA,NA,NA,NA,NA,NA,NA,NA,NA,712,195,Alpennordflanke,Appenzell Ausserrhoden
3417,1,9.25,47.35,942,31,0,0,0,3.466101695,2.996088657,3.033377837,3.024611399,3.885714286,1.799482536,1.018111255,0.18240621,NA,NA,NA,NA,NA,NA,NA,NA,NA,NA,NA,NA,699,195,Alpennordflanke,Appenzell Ausserrhoden
3418,1,9.25,47.42,669,18,0,0,0,3.469598965,3,3.123414072,3.019720624,3.982744454,1.576229508,0.942622951,0.481147541,NA,NA,NA,NA,NA,NA,NA,NA,NA,NA,NA,NA,713,195,Mittelland,St. Gallen
3421,1,9.3,46.52,2046,76,0,0,0,2.18627451,3.107142857,3.116666667,3.436363636,2.508474576,1.229508197,0.491803279,1.278688525,NA,NA,NA,NA,NA,NA,NA,NA,NA,NA,NA,NA,707,192,Östliche Zentralalpen,Graubünden
3422,1,9.3,46.56,2025,68,0,0,0,2.032335329,3.319148936,2.71654373,2.791220557,2.069767442,1.355110643,0.200210748,1.444678609,NA,NA,NA,NA,NA,NA,NA,NA,NA,NA,NA,NA,721,185,Östliche Zentralalpen,Graubünden
3423,1,9.31,46.7,1784,31,0,0,0,2.447368421,2.7,3.4,3.05,3.5,1.476190476,0.333333333,1.19047619,NA,NA,NA,NA,NA,NA,NA,NA,NA,NA,NA,NA,708,193,Östliche Zentralalpen,Graubünden
3424,1,9.32,46.92,2066,45,0,0,0,1.925986842,2.858024691,3.287925697,2.53271028,2.919003115,1.418960245,0.217125382,1.363914373,NA,NA,NA,NA,NA,NA,NA,NA,NA,NA,NA,NA,723,186,Östliche Zentralalpen,St. Gallen
3425,1,9.32,47.1,691,28,0,0,0,3.20751634,3,2.933534743,3.008181818,3.123395854,1.019038985,1.001813237,0.979147779,NA,NA,NA,NA,NA,NA,NA,NA,NA,NA,NA,NA,724,194,Alpennordflanke,St. Gallen
3426,1,9.33,47.21,1114,30,1,0.03333333333333333,0.001273885350318471,3.24789916,2.998306998,3.176917989,3.001885903,3.908576814,1.330823529,0.956235294,0.712941176,NA,TRUE,NA,NA,NA,NA,NA,NA,NA,NA,NA,NA,725,187,Alpennordflanke,St. Gallen
3427,1,9.33,47.35,967,25,0,0,0,3.136363636,2.928571429,3.214285714,3.071428571,3.666666667,1.1875,1,0.8125,NA,NA,NA,NA,NA,NA,NA,NA,NA,NA,NA,NA,726,195,Alpennordflanke,Appenzell Ausserrhoden
3428,1,9.33,47.39,793,27,1,0.037037037037037035,9.505703422053238e-4,3.383945841,2.993297587,3.132148377,3.048984468,3.915173238,1.410735123,1.004667445,0.584597433,NA,TRUE,NA,NA,NA,NA,NA,NA,NA,NA,NA,NA,726,195,Alpennordflanke,Appenzell Ausserrhoden
3429,1,9.34,47.49,552,14,1,0.07142857142857142,0.07142857142857142,3.3,3,3.285714286,3.222222222,3.875,1.444444444,0.888888889,0.666666667,TRUE,NA,NA,NA,NA,NA,NA,NA,NA,NA,NA,NA,727,188,Mittelland,St. Gallen
3430,1,9.38,46.59,2126,25,0,0,0,2.150755768,3.136817832,2.809761722,1.964642583,2.020030817,1.305918524,0.053804766,1.64027671,NA,NA,NA,NA,NA,NA,NA,NA,NA,NA,NA,NA,721,199,Östliche Zentralalpen,Graubünden
3431,1,9.38,46.63,1863,59,0,0,0,2.375,3.045454545,3.151162791,3.463414634,2.577777778,1.152173913,0.608695652,1.239130435,NA,NA,NA,NA,NA,NA,NA,NA,NA,NA,NA,NA,735,199,Östliche Zentralalpen,Graubünden
3432,1,9.39,46.7,1554,55,0,0,0,2.63172043,2.838212635,2.598555957,1.735521236,2.092739037,1.106321839,0.380747126,1.512931034,NA,NA,NA,NA,NA,NA,NA,NA,NA,NA,NA,NA,735,193,Östliche Zentralalpen,Graubünden
3433,1,9.39,46.74,1671,46,0,0,0,2.78,3.3125,2.651515152,3,2.685714286,1.222222222,0.638888889,1.138888889,NA,NA,NA,NA,NA,NA,NA,NA,NA,NA,NA,NA,722,193,Östliche Zentralalpen,Graubünden
3434,1,9.39,46.81,670,37,2,0.05405405405405406,0.05555555555555555,3.558823529,3.409090909,2.552631579,3.454545455,3.318181818,0.739130435,1.652173913,0.608695652,TRUE,NA,NA,TRUE,NA,NA,NA,NA,NA,NA,NA,NA,736,193,Östliche Zentralalpen,Graubünden
3435,1,9.4,47.02,1468,44,0,0,0,2.415816327,2.889148191,3.162870159,3.077714286,3.306285714,1.21177686,0.827479339,0.960743802,NA,NA,NA,NA,NA,NA,NA,NA,NA,NA,NA,NA,737,194,Alpennordflanke,St. Gallen
3436,1,9.4,47.1,1625,34,0,0,0,2.34375,2.941176471,3.194444444,2.882352941,3.5,1.428571429,0.619047619,0.952380952,NA,NA,NA,NA,NA,NA,NA,NA,NA,NA,NA,NA,738,194,Alpennordflanke,St. Gallen
3437,1,9.4,47.17,1009,39,0,0,0,3.05,2.826086957,3.326086957,3,3.36,1.346153846,0.615384615,1.038461538,NA,NA,NA,NA,NA,NA,NA,NA,NA,NA,NA,NA,738,201,Alpennordflanke,St. Gallen
3438,1,9.41,47.2,1074,33,0,0,0,2.966666667,2.823529412,3.194444444,3.111111111,3.5,1.25,1,0.75,NA,NA,NA,NA,NA,NA,NA,NA,NA,NA,NA,NA,725,201,Alpennordflanke,St. Gallen
3439,1,9.41,47.24,2098,53,0,0,0,1.715351812,2.976798144,3.274944568,3.657407407,2.924137931,1.465263158,0.250526316,1.284210526,NA,NA,NA,NA,NA,NA,NA,NA,NA,NA,NA,NA,725,201,Alpennordflanke,St. Gallen
3440,1,9.41,47.35,955,31,1,0.03225806451612903,0.03333333333333333,3.294117647,2.95,3.1,3.142857143,3.545454545,0.913043478,1.347826087,0.739130435,NA,NA,TRUE,NA,NA,NA,NA,NA,NA,NA,NA,NA,726,195,Alpennordflanke,Appenzell Innerrhoden
3441,1,9.41,47.42,873,22,0,0,0,3.387254902,3,3.132423756,3.027060271,3.875768758,1.428921569,1.110294118,0.460784314,NA,NA,NA,NA,NA,NA,NA,NA,NA,NA,NA,NA,740,195,Mittelland,St. Gallen
3442,1,9.41,47.46,651,20,1,0.05,0.05,3.3,2.923076923,3.214285714,3.2,3.666666667,1.125,1.0625,0.8125,NA,TRUE,NA,NA,NA,NA,NA,NA,NA,NA,NA,NA,740,202,Mittelland,St. Gallen
3443,1,9.46,46.52,2004,57,0,0,0,2.294117647,3.55,2.369047619,3.552631579,2.05,1.069767442,0.627906977,1.302325581,NA,NA,NA,NA,NA,NA,NA,NA,NA,NA,NA,NA,734,199,Östliche Zentralalpen,Graubünden
3444,1,9.46,46.56,1970,48,0,0,0,2.370253165,3.450229709,2.7143951,2.970654628,2.865237366,1.613394216,0.184170472,1.202435312,NA,NA,NA,NA,NA,NA,NA,NA,NA,NA,NA,NA,748,199,Östliche Zentralalpen,Graubünden
3445,1,9.47,46.81,1658,43,0,0,0,2.59631728,2.795475966,3.773843248,3.392514395,2.572504708,1.392655367,0.421845574,1.185499058,NA,NA,NA,NA,NA,NA,NA,NA,NA,NA,NA,NA,736,200,Östliche Zentralalpen,Graubünden
3446,1,9.47,46.88,2026,57,0,0,0,1.668711656,3.29390681,2.815140845,3.62244898,2.597142857,1.342696629,0.460674157,1.196629213,NA,NA,NA,NA,NA,NA,NA,NA,NA,NA,NA,NA,750,200,Östliche Zentralalpen,Graubünden
3447,1,9.48,47.09,604,29,0,0,0,3.359968354,2.995862069,3.016584767,3.003253796,3.374850299,1.229189189,0.998918919,0.771891892,NA,NA,NA,NA,NA,NA,NA,NA,NA,NA,NA,NA,751,194,Alpennordflanke,St. Gallen
3448,1,9.48,47.13,455,31,0,0,0,3.30952381,2.909090909,3.173913043,3.166666667,3.458333333,1.16,0.96,0.88,NA,NA,NA,NA,NA,NA,NA,NA,NA,NA,NA,NA,738,201,Alpennordflanke,St. Gallen
3449,1,9.49,47.24,440,20,2,0.1,0.19254032258064527,3.425311203,2.995468278,3.309121622,3,4.001464129,1.26742532,1.044096728,0.688477952,TRUE,NA,TRUE,NA,NA,NA,NA,NA,NA,NA,NA,NA,752,201,Alpennordflanke,St. Gallen
3450,1,9.53,46.41,2628,15,0,0,0,1.0109375,3.765625,2.6328125,2.592476489,2.009375,1.003125,0.303125,1.69375,NA,NA,NA,NA,NA,NA,NA,NA,NA,NA,NA,NA,774,206,Östliche Zentralalpen,Graubünden
3451,1,9.53,46.45,2439,51,0,0,0,1.476744186,2.926829268,3.011904762,3.12195122,2.139534884,1.136363636,0.340909091,1.522727273,NA,NA,NA,NA,NA,NA,NA,NA,NA,NA,NA,NA,774,206,Östliche Zentralalpen,Graubünden
3452,1,9.54,46.52,2242,57,0,0,0,1.558139535,2.69047619,3.25,3.097560976,2.372093023,1.173913043,0.347826087,1.47826087,NA,NA,NA,NA,NA,NA,NA,NA,NA,NA,NA,NA,761,199,Östliche Zentralalpen,Graubünden
3453,1,9.54,46.55,2041,44,0,0,0,2.137931034,3.257142857,2.628571429,3.1875,2.305555556,1.333333333,0.5,1.166666667,NA,NA,NA,NA,NA,NA,NA,NA,NA,NA,NA,NA,761,199,Östliche Zentralalpen,Graubünden
3454,1,9.54,46.59,2232,44,0,0,0,1.867120954,2.592150171,3.719864177,3.388415673,2.04770017,1.652542373,0.086440678,1.261016949,NA,NA,NA,NA,NA,NA,NA,NA,NA,NA,NA,NA,775,199,Östliche Zentralalpen,Graubünden
3455,1,9.54,46.66,1327,47,0,0,0,3.575,3.112219451,2.828629032,3.185344828,3.047413793,1.969008264,0.42768595,0.603305785,NA,NA,NA,NA,NA,NA,NA,NA,NA,NA,NA,NA,762,199,Östliche Zentralalpen,Graubünden
3456,1,9.56,47.02,1149,71,0,0,0,2.794052863,3.144805876,2.765884653,2.845180136,2.341121495,1.196096654,0.373605948,1.430297398,NA,NA,NA,NA,NA,NA,NA,NA,NA,NA,NA,NA,764,208,Östliche Zentralalpen,Graubünden
3457,1,9.57,47.45,707,23,0,0,0,3.330204778,2.978461538,3.140562249,3.01816609,3.682320442,1.163265306,0.99829932,0.838435374,NA,NA,NA,NA,NA,NA,NA,NA,NA,NA,NA,NA,767,202,Mittelland,Appenzell Ausserrhoden
3458,1,9.61,46.48,2387,57,0,0,0,1.768292683,3.068181818,2.722222222,2.425,2.222222222,1.106382979,0.531914894,1.361702128,NA,NA,NA,NA,NA,NA,NA,NA,NA,NA,NA,NA,788,206,Östliche Zentralalpen,Graubünden
3459,1,9.62,46.55,1540,73,0,0,0,2.5625,3.163265306,2.83,3.102040816,2.660377358,1.196428571,0.642857143,1.160714286,NA,NA,NA,NA,NA,NA,NA,NA,NA,NA,NA,NA,775,213,Östliche Zentralalpen,Graubünden
3460,1,9.62,46.7,2173,51,0,0,0,1.93510929,3.825439783,2.130376344,3.795610425,1.985175202,1.35704698,0.237583893,1.405369128,NA,NA,NA,NA,NA,NA,NA,NA,NA,NA,NA,NA,789,207,Östliche Zentralalpen,Graubünden
3461,1,9.63,46.77,2351,41,0,0,0,1.5,2.84375,3.129032258,2.733333333,2.333333333,1.151515152,0.303030303,1.545454545,NA,NA,NA,NA,NA,NA,NA,NA,NA,NA,NA,NA,776,207,Östliche Zentralalpen,Graubünden
3462,1,9.63,46.8,1873,65,0,0,0,2.114583333,3.011049724,3.062383613,2.289424861,2.164835165,1.047358834,0.174863388,1.777777778,NA,NA,NA,NA,NA,NA,NA,NA,NA,NA,NA,NA,790,207,Östliche Zentralalpen,Graubünden
3463,1,9.69,46.41,1868,38,0,0,0,2.666666667,2.814814815,3.814814815,3.076923077,3.037037037,1.142857143,0.75,1.107142857,NA,NA,NA,NA,NA,NA,NA,NA,NA,NA,NA,NA,801,206,Östliche Zentralalpen,Graubünden
3464,1,9.69,46.44,2436,25,0,0,0,1.475,2.55,3.19047619,2.368421053,2.210526316,1.285714286,0.333333333,1.380952381,NA,NA,NA,NA,NA,NA,NA,NA,NA,NA,NA,NA,801,206,Östliche Zentralalpen,Graubünden
3465,1,9.69,46.48,2435,20,0,0,0,2.106132075,2.466981132,4.280660377,3.778301887,2.202830189,0.985849057,0.212264151,1.801886792,NA,NA,NA,NA,NA,NA,NA,NA,NA,NA,NA,NA,788,206,Östliche Zentralalpen,Graubünden
3466,1,9.7,46.62,2241,30,0,0,0,2.193406593,2.959064327,3.398255814,3.355599214,3.218323587,1.875968992,0.112403101,1.011627907,NA,NA,NA,NA,NA,NA,NA,NA,NA,NA,NA,NA,802,213,Östliche Zentralalpen,Graubünden
3467,1,9.7,46.73,2121,37,0,0,0,2.492052023,2.705202312,4.313131313,2.88422576,2.579479769,1.251436782,0.362068966,1.386494253,NA,NA,NA,NA,NA,NA,NA,NA,NA,NA,NA,NA,803,207,Östliche Zentralalpen,Graubünden
3468,1,9.71,46.84,1933,42,0,0,0,2.172018349,2.995833333,2.986805556,2.034482759,2.052777778,1.170798898,0.274104683,1.555096419,NA,NA,NA,NA,NA,NA,NA,NA,NA,NA,NA,NA,790,214,Östliche Zentralalpen,Graubünden
3469,1,9.71,46.87,2223,57,0,0,0,1.783783784,3.05,3.036585366,2.948717949,2.261904762,1.25,0.409090909,1.340909091,NA,NA,NA,NA,NA,NA,NA,NA,NA,NA,NA,NA,804,214,Östliche Zentralalpen,Graubünden
3470,1,9.71,46.98,933,47,1,0.02127659574468085,0.021739130434782608,3.333333333,3,3.15,3.212121212,3.424242424,1.470588235,0.764705882,0.764705882,NA,NA,NA,NA,NA,NA,NA,NA,NA,NA,NA,NA,791,214,Östliche Zentralalpen,Graubünden
3471,1,9.71,47.02,2039,46,0,0,0,1.720170455,3.46692607,2.667136812,3.518910741,2.331955923,1.21369863,0.178082192,1.608219178,NA,NA,NA,NA,NA,NA,NA,NA,NA,NA,NA,NA,805,208,Östliche Zentralalpen,Graubünden
3472,1,9.78,46.77,1745,61,0,0,0,2.243055556,2.816993464,3.429853181,2.745192308,3.231647635,1.696540881,0.194968553,1.108490566,NA,NA,NA,NA,NA,NA,NA,NA,NA,NA,NA,NA,803,221,Östliche Zentralalpen,Graubünden
3473,1,9.78,46.8,2301,21,0,0,0,1.605263158,2.95,2.8,2,1.95,1,0.35,1.65,NA,NA,NA,NA,NA,NA,NA,NA,NA,NA,NA,NA,817,221,Östliche Zentralalpen,Graubünden
3474,1,9.79,46.91,970,42,0,0,0,3.214285714,3.038461538,3,3.214285714,3.107142857,1.413793103,0.689655172,0.896551724,NA,NA,NA,NA,NA,NA,NA,NA,NA,NA,NA,NA,804,214,Östliche Zentralalpen,Graubünden
3475,1,9.79,47.02,2052,48,0,0,0,2.3125,2.970588235,3.117647059,3.121212121,2.705882353,1.166666667,0.583333333,1.25,NA,NA,NA,NA,NA,NA,NA,NA,NA,NA,NA,NA,818,222,Östliche Zentralalpen,Graubünden
3476,1,9.85,46.51,1801,58,0,0,0,2.737732657,3.467132867,2.632621951,3.273853779,2.819694868,1.375615764,0.480295567,1.14408867,NA,NA,NA,NA,NA,NA,NA,NA,NA,NA,NA,NA,815,220,Östliche Zentralalpen,Graubünden
3477,1,9.85,46.55,2458,37,0,0,0,1.607535322,3.604976672,2.290824261,2.588050314,2.00621118,1.010869565,0.372670807,1.616459627,NA,NA,NA,NA,NA,NA,NA,NA,NA,NA,NA,NA,829,213,Östliche Zentralalpen,Graubünden
3478,1,9.85,46.58,2318,54,0,0,0,1.569767442,2.863636364,3,2.428571429,2.181818182,1.212765957,0.361702128,1.425531915,NA,NA,NA,NA,NA,NA,NA,NA,NA,NA,NA,NA,829,213,Östliche Zentralalpen,Graubünden
3479,1,9.93,46.51,2560,25,0,0,0,1.619047619,3.3,2.761904762,2.1,2,1.272727273,0.409090909,1.318181818,NA,NA,NA,NA,NA,NA,NA,NA,NA,NA,NA,NA,842,227,Östliche Zentralalpen,Graubünden
3480,1,9.93,46.55,2456,32,0,0,0,1.634615385,3.307692308,2.777777778,4.076923077,1.892857143,0.857142857,0.464285714,1.678571429,NA,NA,NA,NA,NA,NA,NA,NA,NA,NA,NA,NA,842,227,Östliche Zentralalpen,Graubünden
3481,1,9.93,46.58,1685,25,0,0,0,2.751905165,3,3.716886135,3.017746914,3.995359629,1.6875,0.458333333,0.854166667,NA,NA,NA,NA,NA,NA,NA,NA,NA,NA,NA,NA,856,227,Östliche Zentralalpen,Graubünden
3482,1,9.93,46.62,2663,33,0,0,0,1.375,3.071428571,2.767857143,2.037037037,2.172413793,1.103448276,0.344827586,1.551724138,NA,NA,NA,NA,NA,NA,NA,NA,NA,NA,NA,NA,843,227,Östliche Zentralalpen,Graubünden
3483,1,9.94,46.83,2302,25,0,0,0,1.871929825,2.994720169,2.887130802,2.181818182,1.90813094,1.106540084,0.213080169,1.680379747,NA,NA,NA,NA,NA,NA,NA,NA,NA,NA,NA,NA,844,228,Östliche Zentralalpen,Graubünden
3484,1,9.94,46.87,1782,44,0,0,0,2.47826087,3.2,2.7,2.7,2.466666667,1.393939394,0.424242424,1.181818182,NA,NA,NA,NA,NA,NA,NA,NA,NA,NA,NA,NA,858,228,Östliche Zentralalpen,Graubünden
3485,1,9.95,46.91,2208,43,0,0,0,1.983870968,3.026315789,2.782051282,2.181818182,2.256410256,1.225,0.5,1.275,NA,NA,NA,NA,NA,NA,NA,NA,NA,NA,NA,NA,858,228,Östliche Zentralalpen,Graubünden
3486,1,10,46.33,2284,31,0,0,0,1.883950617,3.540540541,2.359375,3.281967213,2.215613383,1.42936803,0.133828996,1.436802974,NA,NA,NA,NA,NA,NA,NA,NA,NA,NA,NA,NA,868,226,Alpensüdflanke,Graubünden
3487,1,10.01,46.51,2268,38,0,0,0,1.762323944,3.411428571,2.412142857,2.513991163,2.201141227,1.579172611,0.235378031,1.185449358,NA,NA,NA,NA,NA,NA,NA,NA,NA,NA,NA,NA,869,227,Östliche Zentralalpen,Graubünden
3488,1,10.01,46.54,2456,38,0,0,0,1.844827586,3.193548387,2.640625,2.5,2.25,1.181818182,0.575757576,1.242424242,NA,NA,NA,NA,NA,NA,NA,NA,NA,NA,NA,NA,856,227,Östliche Zentralalpen,Graubünden
3489,1,10.01,46.58,2611,41,0,0,0,1.544117647,2.757575758,2.96875,2.4375,2.242424242,1.147058824,0.382352941,1.470588235,NA,NA,NA,NA,NA,NA,NA,NA,NA,NA,NA,NA,856,227,Östliche Zentralalpen,Graubünden
3490,1,10.02,46.87,2308,40,0,0,0,2.19481383,2.700514139,2.872599232,1.738095238,2.033419023,1.029449424,0.220230474,1.750320102,NA,NA,NA,NA,NA,NA,NA,NA,NA,NA,NA,NA,858,228,Östliche Zentralalpen,Graubünden
3491,1,10.07,46.22,2350,20,0,0,0,1.625,3.055555556,2.777777778,1.823529412,2,1.388888889,0.277777778,1.333333333,NA,NA,NA,NA,NA,NA,NA,NA,NA,NA,NA,NA,867,226,Alpensüdflanke,Graubünden
3492,1,10.07,46.25,2293,28,0,0,0,1.704545455,3.08,2.58,2,2.038461538,1.153846154,0.346153846,1.5,NA,NA,NA,NA,NA,NA,NA,NA,NA,NA,NA,NA,881,226,Alpensüdflanke,Graubünden
3493,1,10.1,46.79,2121,36,0,0,0,2.034296029,3.045248869,2.584337349,1.755832037,2.004392387,1.236842105,0.081871345,1.68128655,NA,NA,NA,NA,NA,NA,NA,NA,NA,NA,NA,NA,871,235,Östliche Zentralalpen,Graubünden
3494,1,10.18,46.79,2168,36,0,0,0,1.96875,3.142857143,2.714285714,2.421052632,2.380952381,1.260869565,0.52173913,1.217391304,NA,NA,NA,NA,NA,NA,NA,NA,NA,NA,NA,NA,898,235,Östliche Zentralalpen,Graubünden
3495,1,10.26,46.79,1500,54,0,0,0,3.381205674,3.252873563,2.768852459,3.526737968,3.293800539,0.959893048,1.155080214,0.885026738,NA,NA,NA,NA,NA,NA,NA,NA,NA,NA,NA,NA,898,242,Östliche Zentralalpen,Graubünden
3496,1,10.26,46.83,2453,34,0,0,0,1.407407407,3.035714286,2.964285714,2.814814815,2,1,0.464285714,1.535714286,NA,NA,NA,NA,NA,NA,NA,NA,NA,NA,NA,NA,898,242,Östliche Zentralalpen,Graubünden
3497,1,10.26,46.9,2390,30,0,0,0,1.846153846,2.931216931,2.867724868,2.207446809,2.218085106,1.178130511,0.139329806,1.682539683,NA,NA,NA,NA,NA,NA,NA,NA,NA,NA,NA,NA,912,242,Östliche Zentralalpen,Graubünden
3498,1,10.33,46.64,2305,32,0,0,0,2.405523256,3.876373626,2.049479167,4.415512465,1.908854167,1.236979167,0.296875,1.466145833,NA,NA,NA,NA,NA,NA,NA,NA,NA,NA,NA,NA,924,241,Östliche Zentralalpen,Graubünden
3499,1,10.33,46.72,1790,30,0,0,0,2.566666667,3.176470588,2.970588235,3.315789474,3.052631579,1.1,0.9,1,NA,NA,NA,NA,NA,NA,NA,NA,NA,NA,NA,NA,938,249,Östliche Zentralalpen,Graubünden
3500,1,10.34,46.82,1674,65,0.09,0.0013846153846153845,0.002115158636897769,3.31085044,3.883575884,2.167381974,3.830795262,2.31542461,1.323283082,0.641541039,1.035175879,NA,NA,NA,NA,NA,NA,NA,NA,NA,NA,NA,NA,925,242,Östliche Zentralalpen,Graubünden
3501,1,10.42,46.89,2263,56,0,0,0,2.138888889,3.139534884,2.88372093,2.926829268,2.418604651,1.386363636,0.477272727,1.136363636,NA,NA,NA,NA,NA,NA,NA,NA,NA,NA,NA,NA,939,256,Östliche Zentralalpen,Graubünden
3502,1,10.48,46.6,2478,34,0,0,0,1.647108844,3.261513158,2.541734861,2.196581197,2.01433121,1.367670365,0.185419968,1.446909667,NA,NA,NA,NA,NA,NA,NA,NA,NA,NA,NA,NA,964,255,Östliche Zentralalpen,Graubünden
